referral_id,referrer_user_id,referred_user_id,bonus_amount,bonus_status,claim_date
RF000001,U000001,U000002,191.02,paid,2026-03-21
RF000002,U000001,U000003,167.19,paid,2026-03-21
RF000003,U000001,U000004,111.88,paid,2026-03-20
RF000004,U000001,U000006,88.69,paid,2026-03-20
RF000005,U000001,U000008,193.16,pending,2026-03-21
RF000006,U000001,U000010,168.66,paid,2026-03-20
RF000007,U000001,U000011,112.47,pending,2026-03-22
RF000008,U000012,U000013,133.98,paid,2026-03-12
RF000009,U000012,U000014,268.44,paid,2026-03-12
RF000010,U000012,U000015,98.63,paid,2026-03-14
RF000011,U000012,U000017,133.38,paid,2026-03-14
RF000012,U000012,U000018,203.98,paid,2026-03-12
RF000013,U000012,U000019,191.86,paid,2026-03-12
RF000014,U000012,U000021,143.24,paid,2026-03-13
RF000015,U000012,U000022,233.82,paid,2026-03-12
RF000016,U000012,U000025,66.72,paid,2026-03-14
RF000017,U000012,U000026,90.5,paid,2026-03-14
RF000018,U000027,U000029,86.44,paid,2025-10-20
RF000019,U000027,U000030,194.83,paid,2025-10-20
RF000020,U000027,U000031,196.01,pending,2025-10-19
RF000021,U000027,U000033,56.55,paid,2025-10-20
RF000022,U000027,U000034,108.39,paid,2025-10-21
RF000023,U000035,U000036,274.11,paid,2025-12-28
RF000024,U000040,U000041,205.71,paid,2026-05-25
RF000025,U000040,U000042,131.34,paid,2026-05-26
RF000026,U000040,U000043,202.58,paid,2026-05-26
RF000027,U000040,U000044,63.65,paid,2026-05-26
RF000028,U000040,U000046,227.35,paid,2026-05-25
RF000029,U000047,U000048,215.2,paid,2025-11-06
RF000030,U000047,U000049,289.94,pending,2025-11-05
RF000031,U000047,U000050,62.08,pending,2025-11-06
RF000032,U000047,U000051,132.28,paid,2025-11-05
RF000033,U000047,U000053,210.92,paid,2025-11-05
RF000034,U000047,U000054,281.73,paid,2025-11-05
RF000035,U000047,U000055,283.06,pending,2025-11-06
RF000036,U000047,U000056,210.71,paid,2025-11-06
RF000037,U000047,U000058,229.85,paid,2025-11-07
RF000038,U000047,U000059,78.03,paid,2025-11-06
RF000039,U000060,U000062,80.34,paid,2026-03-08
RF000040,U000060,U000063,141.12,paid,2026-03-08
RF000041,U000060,U000064,54.94,paid,2026-03-08
RF000042,U000060,U000065,54.59,paid,2026-03-06
RF000043,U000066,U000067,74.21,paid,2025-09-20
RF000044,U000066,U000068,84.7,paid,2025-09-21
RF000045,U000066,U000069,92.37,paid,2025-09-20
RF000046,U000066,U000071,94.16,pending,2025-09-23
RF000047,U000066,U000072,207.78,paid,2025-09-23
RF000048,U000066,U000073,273.63,paid,2025-09-23
RF000049,U000066,U000075,126.61,paid,2025-09-22
RF000050,U000066,U000076,157.99,paid,2025-09-23
RF000051,U000066,U000077,153.26,paid,2025-09-20
RF000052,U000066,U000078,106.92,pending,2025-09-20
RF000053,U000079,U000080,223.52,paid,2026-01-23
RF000054,U000079,U000081,247.61,paid,2026-01-23
RF000055,U000079,U000083,118.22,paid,2026-01-25
RF000056,U000079,U000088,211.39,paid,2026-01-24
RF000057,U000079,U000089,262.04,paid,2026-01-24
RF000058,U000079,U000090,71.14,paid,2026-01-24
RF000059,U000079,U000091,132.32,paid,2026-01-22
RF000060,U000079,U000093,244.77,paid,2026-01-25
RF000061,U000094,U000095,98.68,paid,2026-04-27
RF000062,U000094,U000098,275.49,pending,2026-04-25
RF000063,U000094,U000099,249.62,paid,2026-04-26
RF000064,U000094,U000100,130.0,paid,2026-04-25
RF000065,U000094,U000101,215.27,paid,2026-04-25
RF000066,U000094,U000102,96.55,paid,2026-04-26
RF000067,U000094,U000103,138.06,paid,2026-04-27
RF000068,U000094,U000105,122.02,paid,2026-04-25
RF000069,U000094,U000107,246.99,paid,2026-04-24
RF000070,U000108,U000109,245.15,paid,2026-02-15
RF000071,U000108,U000111,216.59,pending,2026-02-13
RF000072,U000108,U000112,162.18,paid,2026-02-14
RF000073,U000108,U000113,277.82,pending,2026-02-14
RF000074,U000114,U000116,79.8,paid,2026-03-26
RF000075,U000114,U000117,129.93,paid,2026-03-26
RF000076,U000114,U000118,90.09,paid,2026-03-27
RF000077,U000114,U000119,97.93,paid,2026-03-27
RF000078,U000114,U000120,298.13,paid,2026-03-27
RF000079,U000114,U000121,116.24,paid,2026-03-25
RF000080,U000114,U000122,230.66,paid,2026-03-25
RF000081,U000114,U000123,276.63,paid,2026-03-25
RF000082,U000114,U000125,155.25,paid,2026-03-25
RF000083,U000114,U000126,83.08,paid,2026-03-27
RF000084,U000114,U000127,161.39,paid,2026-03-25
RF000085,U000128,U000129,171.4,paid,2025-12-06
RF000086,U000128,U000130,106.75,pending,2025-12-06
RF000087,U000128,U000131,168.82,paid,2025-12-06
RF000088,U000132,U000135,98.85,paid,2026-01-11
RF000089,U000132,U000136,252.52,paid,2026-01-14
RF000090,U000132,U000137,56.71,paid,2026-01-11
RF000091,U000132,U000138,236.81,paid,2026-01-14
RF000092,U000132,U000139,100.39,paid,2026-01-13
RF000093,U000132,U000140,66.5,paid,2026-01-12
RF000094,U000141,U000142,185.38,paid,2025-09-17
RF000095,U000141,U000144,201.92,paid,2025-09-17
RF000096,U000141,U000145,254.89,paid,2025-09-19
RF000097,U000141,U000146,196.26,paid,2025-09-19
RF000098,U000147,U000150,72.08,paid,2026-01-03
RF000099,U000147,U000152,297.09,paid,2026-01-04
RF000100,U000147,U000153,122.17,paid,2026-01-02
RF000101,U000147,U000154,252.3,paid,2026-01-02
RF000102,U000147,U000155,263.98,paid,2026-01-03
RF000103,U000147,U000156,295.44,paid,2026-01-02
RF000104,U000147,U000157,71.99,paid,2026-01-03
RF000105,U000147,U000160,241.03,paid,2026-01-02
RF000106,U000161,U000162,59.71,paid,2026-06-26
RF000107,U000161,U000165,71.05,paid,2026-06-27
RF000108,U000161,U000166,257.2,pending,2026-06-25
RF000109,U000161,U000167,188.19,paid,2026-06-25
RF000110,U000161,U000169,229.88,paid,2026-06-26
RF000111,U000173,U000174,157.7,paid,2025-10-02
RF000112,U000173,U000175,53.28,paid,2025-10-03
RF000113,U000173,U000176,265.36,paid,2025-10-03
RF000114,U000173,U000177,82.71,paid,2025-10-02
RF000115,U000173,U000178,245.92,paid,2025-10-02
RF000116,U000173,U000179,55.39,paid,2025-10-04
RF000117,U000173,U000180,201.93,paid,2025-10-02
RF000118,U000173,U000181,227.62,paid,2025-10-03
RF000119,U000173,U000183,110.85,paid,2025-10-04
RF000120,U000173,U000185,256.29,paid,2025-10-02
RF000121,U000173,U000186,56.83,paid,2025-10-02
RF000122,U000173,U000187,229.11,paid,2025-10-02
RF000123,U000188,U000189,134.73,paid,2026-07-11
RF000124,U000188,U000190,257.07,paid,2026-07-09
RF000125,U000188,U000191,160.44,paid,2026-07-10
RF000126,U000188,U000193,279.63,paid,2026-07-10
RF000127,U000188,U000195,224.8,paid,2026-07-10
RF000128,U000188,U000196,166.43,paid,2026-07-09
RF000129,U000188,U000197,225.28,pending,2026-07-09
RF000130,U000188,U000199,64.7,paid,2026-07-10
RF000131,U000188,U000200,85.8,paid,2026-07-09
RF000132,U000188,U000201,176.08,paid,2026-07-11
RF000133,U000188,U000202,221.85,paid,2026-07-10
RF000134,U000203,U000204,182.16,paid,2026-02-24
RF000135,U000208,U000209,92.63,pending,2026-03-09
RF000136,U000208,U000210,165.23,paid,2026-03-10
RF000137,U000208,U000211,199.83,paid,2026-03-11
RF000138,U000208,U000212,179.42,pending,2026-03-09
RF000139,U000208,U000213,124.52,paid,2026-03-10
RF000140,U000208,U000214,245.2,paid,2026-03-11
RF000141,U000208,U000215,147.56,paid,2026-03-10
RF000142,U000208,U000216,233.51,paid,2026-03-09
RF000143,U000208,U000218,139.77,paid,2026-03-09
RF000144,U000208,U000219,103.31,paid,2026-03-11
RF000145,U000208,U000220,87.14,paid,2026-03-09
RF000146,U000208,U000221,245.08,paid,2026-03-09
RF000147,U000225,U000226,259.27,paid,2026-02-20
RF000148,U000225,U000227,136.91,pending,2026-02-19
RF000149,U000225,U000228,178.85,paid,2026-02-18
RF000150,U000225,U000229,76.57,paid,2026-02-17
RF000151,U000232,U000234,135.85,paid,2026-04-20
RF000152,U000232,U000235,298.29,paid,2026-04-19
RF000153,U000236,U000237,253.36,paid,2026-04-29
RF000154,U000236,U000238,166.54,pending,2026-04-27
RF000155,U000236,U000239,185.75,paid,2026-04-29
RF000156,U000236,U000240,136.81,paid,2026-04-27
RF000157,U000236,U000241,272.8,paid,2026-04-29
RF000158,U000236,U000242,108.06,paid,2026-04-28
RF000159,U000236,U000243,243.74,paid,2026-04-27
RF000160,U000236,U000245,53.73,paid,2026-04-27
RF000161,U000236,U000246,221.44,paid,2026-04-28
RF000162,U000236,U000247,258.99,paid,2026-04-29
RF000163,U000248,U000250,73.67,paid,2025-10-07
RF000164,U000248,U000251,79.55,pending,2025-10-07
RF000165,U000248,U000254,81.69,paid,2025-10-06
RF000166,U000248,U000256,273.09,paid,2025-10-06
RF000167,U000248,U000257,204.31,paid,2025-10-08
RF000168,U000258,U000259,186.77,paid,2026-06-04
RF000169,U000258,U000261,280.4,paid,2026-06-05
RF000170,U000258,U000262,228.4,paid,2026-06-05
RF000171,U000258,U000263,142.09,paid,2026-06-04
RF000172,U000258,U000264,172.83,pending,2026-06-04
RF000173,U000258,U000265,181.66,paid,2026-06-05
RF000174,U000266,U000267,276.71,paid,2026-02-04
RF000175,U000266,U000268,219.13,pending,2026-02-05
RF000176,U000266,U000269,119.92,paid,2026-02-02
RF000177,U000266,U000271,186.98,paid,2026-02-03
RF000178,U000266,U000273,101.99,paid,2026-02-03
RF000179,U000274,U000275,156.6,paid,2026-01-01
RF000180,U000274,U000277,234.28,paid,2025-12-31
RF000181,U000274,U000278,123.72,paid,2025-12-30
RF000182,U000274,U000281,176.34,paid,2025-12-31
RF000183,U000274,U000282,156.51,pending,2025-12-30
RF000184,U000274,U000283,171.63,paid,2025-12-31
RF000185,U000286,U000287,58.79,pending,2025-09-15
RF000186,U000286,U000289,236.68,paid,2025-09-16
RF000187,U000286,U000290,234.21,paid,2025-09-17
RF000188,U000286,U000291,166.98,paid,2025-09-15
RF000189,U000292,U000293,271.91,paid,2026-05-09
RF000190,U000292,U000294,91.77,paid,2026-05-09
RF000191,U000292,U000295,87.22,paid,2026-05-08
RF000192,U000292,U000298,144.73,paid,2026-05-11
RF000193,U000292,U000299,59.63,paid,2026-05-08
RF000194,U000292,U000300,288.5,paid,2026-05-08
RF000195,U000292,U000301,161.93,paid,2026-05-08
RF000196,U000302,U000303,106.11,paid,2026-06-14
RF000197,U000302,U000305,267.69,paid,2026-06-14
RF000198,U000302,U000306,158.4,paid,2026-06-15
RF000199,U000302,U000308,175.35,paid,2026-06-15
RF000200,U000302,U000309,101.51,paid,2026-06-14
RF000201,U000302,U000310,217.17,paid,2026-06-14
RF000202,U000302,U000311,64.59,paid,2026-06-13
RF000203,U000302,U000313,175.85,paid,2026-06-16
RF000204,U000302,U000314,226.55,pending,2026-06-14
RF000205,U000302,U000316,294.81,paid,2026-06-14
RF000206,U000317,U000318,294.72,paid,2026-07-13
RF000207,U000317,U000319,179.61,pending,2026-07-15
RF000208,U000320,U000321,278.87,paid,2026-03-11
RF000209,U000320,U000322,287.14,paid,2026-03-10
RF000210,U000320,U000323,55.12,paid,2026-03-12
RF000211,U000320,U000324,284.93,paid,2026-03-12
RF000212,U000320,U000325,283.97,paid,2026-03-11
RF000213,U000320,U000326,274.63,paid,2026-03-12
RF000214,U000320,U000328,297.29,paid,2026-03-12
RF000215,U000320,U000329,185.75,paid,2026-03-10
RF000216,U000320,U000330,95.06,paid,2026-03-12
RF000217,U000320,U000332,258.15,paid,2026-03-11
RF000218,U000320,U000334,68.78,paid,2026-03-12
RF000219,U000335,U000336,65.45,paid,2026-05-22
RF000220,U000335,U000337,280.94,paid,2026-05-24
RF000221,U000335,U000338,174.16,paid,2026-05-22
RF000222,U000335,U000339,219.55,pending,2026-05-22
RF000223,U000335,U000340,134.3,paid,2026-05-23
RF000224,U000335,U000341,201.1,paid,2026-05-22
RF000225,U000335,U000342,154.24,pending,2026-05-22
RF000226,U000335,U000343,89.02,pending,2026-05-23
RF000227,U000335,U000344,263.14,paid,2026-05-24
RF000228,U000335,U000345,240.81,paid,2026-05-24
RF000229,U000346,U000348,205.52,paid,2025-12-19
RF000230,U000346,U000349,187.43,pending,2025-12-18
RF000231,U000346,U000350,260.81,paid,2025-12-20
RF000232,U000351,U000352,109.63,paid,2025-09-30
RF000233,U000351,U000354,295.92,paid,2025-10-02
RF000234,U000351,U000355,217.45,paid,2025-10-01
RF000235,U000351,U000356,272.43,paid,2025-10-01
RF000236,U000351,U000357,244.0,paid,2025-10-02
RF000237,U000351,U000358,110.8,paid,2025-10-01
RF000238,U000351,U000359,188.6,paid,2025-10-02
RF000239,U000351,U000361,224.9,paid,2025-10-02
RF000240,U000351,U000362,100.71,paid,2025-10-01
RF000241,U000365,U000366,135.55,paid,2026-05-25
RF000242,U000368,U000369,63.78,paid,2026-05-25
RF000243,U000370,U000371,163.58,paid,2026-05-25
RF000244,U000371,U000372,192.97,pending,2026-05-26
RF000245,U000373,U000374,152.9,paid,2026-05-27
RF000246,U000375,U000376,252.3,paid,2026-02-27
RF000247,U000376,U000377,193.89,paid,2026-02-27
RF000248,U000379,U000380,220.97,paid,2026-02-28
RF000249,U000380,U000381,152.53,paid,2026-03-01
RF000250,U000381,U000382,76.55,paid,2026-03-01
RF000251,U000382,U000383,103.47,paid,2026-03-02
RF000252,U000383,U000384,99.27,paid,2026-03-01
RF000253,U000384,U000385,267.73,paid,2026-03-05
RF000254,U000385,U000386,95.4,paid,2026-03-05
RF000255,U000386,U000387,116.26,paid,2026-03-02
RF000256,U000387,U000388,296.46,paid,2026-03-02
RF000257,U000388,U000389,161.86,paid,2026-03-03
RF000258,U000390,U000391,263.9,paid,2026-02-06
RF000259,U000393,U000394,175.51,paid,2026-02-07
RF000260,U000394,U000395,143.28,pending,2026-02-07
RF000261,U000395,U000396,90.21,paid,2026-02-07
RF000262,U000397,U000398,100.53,paid,2026-02-05
RF000263,U000399,U000400,203.92,pending,2026-02-05
RF000264,U000400,U000401,269.11,paid,2026-02-07
RF000265,U000401,U000402,86.51,paid,2026-02-08
RF000266,U000402,U000403,63.75,paid,2026-02-10
RF000267,U000403,U000404,265.87,paid,2026-02-11
RF000268,U000404,U000405,92.92,paid,2026-02-09
RF000269,U000406,U000407,231.14,pending,2026-02-08
RF000270,U000407,U000408,241.58,paid,2026-02-10
RF000271,U000409,U000410,96.2,paid,2026-02-04
RF000272,U000410,U000411,99.95,paid,2026-02-04
RF000273,U000411,U000412,150.56,paid,2026-02-04
RF000274,U000412,U000413,236.49,paid,2026-02-05
RF000275,U000413,U000414,195.22,paid,2026-02-04
RF000276,U000414,U000415,129.29,paid,2026-02-05
RF000277,U000415,U000416,230.9,paid,2026-02-05
RF000278,U000416,U000417,230.39,pending,2026-02-05
RF000279,U000418,U000419,212.35,paid,2026-02-05
RF000280,U000419,U000420,239.41,paid,2026-02-06
RF000281,U000420,U000421,76.96,paid,2026-02-06
RF000282,U000421,U000422,287.43,paid,2026-02-06
RF000283,U000423,U000424,197.82,paid,2025-10-21
RF000284,U000424,U000425,80.8,paid,2025-10-21
RF000285,U000425,U000426,92.57,paid,2025-10-21
RF000286,U000426,U000427,114.27,paid,2025-10-21
RF000287,U000427,U000428,172.83,paid,2025-10-21
RF000288,U000428,U000429,297.46,paid,2025-10-21
RF000289,U000429,U000430,87.84,paid,2025-10-21
RF000290,U000430,U000431,277.95,paid,2025-10-21
RF000291,U000431,U000432,280.72,paid,2025-10-21
RF000292,U000432,U000433,178.67,pending,2025-10-21
RF000293,U000433,U000434,81.93,paid,2025-10-21
RF000294,U000434,U000435,91.01,paid,2025-10-21
RF000295,U000436,U000437,256.93,paid,2026-03-09
RF000296,U000437,U000438,71.44,paid,2026-03-08
RF000297,U000438,U000439,163.51,paid,2026-03-11
RF000298,U000440,U000441,114.55,paid,2026-05-23
RF000299,U000441,U000442,231.57,paid,2026-05-23
RF000300,U000442,U000443,253.86,paid,2026-05-24
RF000301,U000443,U000444,91.89,paid,2026-05-24
RF000302,U000444,U000445,227.52,paid,2026-05-23
RF000303,U000446,U000447,218.18,paid,2026-04-28
RF000304,U000447,U000448,225.16,paid,2026-04-28
RF000305,U000448,U000449,132.01,paid,2026-04-28
RF000306,U000449,U000450,203.5,paid,2026-04-29
RF000307,U000451,U000452,67.92,pending,2025-11-18
RF000308,U000453,U000454,131.09,paid,2025-11-18
RF000309,U000454,U000455,177.11,paid,2025-11-18
RF000310,U000455,U000456,181.95,paid,2025-11-18
RF000311,U000457,U000458,111.82,pending,2026-06-05
RF000312,U000458,U000459,56.65,paid,2026-06-05
RF000313,U000459,U000460,279.62,paid,2026-06-05
RF000314,U000460,U000461,125.49,paid,2026-06-06
RF000315,U000461,U000462,229.01,paid,2026-06-05
RF000316,U000462,U000463,263.88,paid,2026-06-05
RF000317,U000464,U000465,144.43,paid,2025-10-29
RF000318,U000465,U000466,52.67,paid,2025-10-30
RF000319,U000467,U000468,132.7,pending,2025-10-31
RF000320,U000469,U000470,148.87,paid,2025-10-31
RF000321,U000470,U000471,287.5,paid,2025-11-01
RF000322,U000471,U000472,89.42,pending,2025-10-31
RF000323,U000472,U000473,203.9,paid,2025-11-02
RF000324,U000473,U000474,144.08,paid,2025-11-02
RF000325,U000474,U000475,280.89,paid,2025-11-06
RF000326,U000475,U000476,230.67,paid,2025-11-06
RF000327,U000476,U000477,67.57,paid,2025-11-01
RF000328,U000477,U000478,57.78,paid,2025-11-10
RF000329,U000479,U000480,216.44,paid,2026-01-15
RF000330,U000480,U000481,259.55,paid,2026-01-15
RF000331,U000482,U000483,62.84,paid,2026-01-16
RF000332,U000483,U000484,234.81,paid,2026-01-16
RF000333,U000485,U000486,208.16,pending,2026-03-15
RF000334,U000486,U000487,277.1,pending,2026-03-16
RF000335,U000488,U000489,173.47,pending,2026-03-18
RF000336,U000489,U000490,245.43,paid,2026-03-18
RF000337,U000490,U000491,204.66,paid,2026-03-17
RF000338,U000491,U000492,284.47,paid,2026-03-16
RF000339,U000492,U000493,64.83,pending,2026-03-19
RF000340,U000493,U000494,279.08,paid,2026-03-21
RF000341,U000495,U000496,57.19,paid,2025-10-04
RF000342,U000496,U000497,197.02,paid,2025-10-04
RF000343,U000497,U000498,136.93,pending,2025-10-04
RF000344,U000498,U000499,293.54,paid,2025-10-04
RF000345,U000499,U000500,268.8,paid,2025-10-04
RF000346,U000500,U000501,185.27,paid,2025-10-04
RF000347,U000501,U000502,201.72,paid,2025-10-04
RF000348,U000503,U000504,152.54,paid,2026-01-18
RF000349,U000504,U000505,204.54,pending,2026-01-18
RF000350,U000505,U000506,155.04,paid,2026-01-18
RF000351,U000506,U000507,221.68,paid,2026-01-18
RF000352,U000507,U000508,122.47,paid,2026-01-18
RF000353,U000511,U000512,139.5,pending,2026-01-19
RF000354,U000512,U000513,132.67,paid,2026-01-19
RF000355,U000513,U000514,193.18,pending,2026-01-19
RF000356,U000515,U000516,235.97,paid,2026-01-19
RF000357,U000518,U000519,258.43,paid,2025-11-26
RF000358,U000520,U000521,58.43,paid,2025-11-27
RF000359,U000522,U000523,298.33,paid,2026-06-21
RF000360,U000523,U000524,73.69,paid,2026-06-21
RF000361,U000524,U000525,76.27,paid,2026-06-21
RF000362,U000525,U000526,255.26,paid,2026-06-21
RF000363,U000526,U000527,56.88,paid,2026-06-21
RF000364,U000527,U000528,165.82,pending,2026-06-21
RF000365,U000528,U000529,123.47,paid,2026-06-22
RF000366,U000530,U000531,204.65,paid,2025-10-01
RF000367,U000531,U000532,220.59,paid,2025-10-01
RF000368,U000532,U000533,64.69,pending,2025-10-02
RF000369,U000533,U000534,218.55,paid,2025-10-02
RF000370,U000534,U000535,119.03,paid,2025-10-04
RF000371,U000535,U000536,200.04,paid,2025-10-03
RF000372,U000536,U000537,238.21,paid,2025-10-02
RF000373,U000537,U000538,183.24,paid,2025-10-07
RF000374,U000538,U000539,181.3,paid,2025-10-07
RF000375,U000539,U000540,210.96,paid,2025-10-09
RF000376,U000540,U000541,292.2,paid,2025-10-05
RF000377,U000541,U000542,185.34,paid,2025-10-05
RF000378,U000542,U000543,81.35,paid,2025-10-08
RF000379,U000543,U000544,293.64,paid,2025-10-10
RF000380,U000545,U000546,295.54,paid,2026-02-07
RF000381,U000546,U000547,98.3,pending,2026-02-07
RF000382,U000547,U000548,60.8,paid,2026-02-07
RF000383,U000548,U000549,152.92,paid,2026-02-07
RF000384,U000550,U000551,179.73,pending,2026-02-07
RF000385,U000551,U000552,129.18,paid,2026-02-08
RF000386,U000552,U000553,53.17,paid,2026-02-08
RF000387,U000555,U000556,68.5,paid,2026-02-24
RF000388,U000556,U000557,276.46,paid,2026-02-24
RF000389,U000557,U000558,191.03,paid,2026-02-24
RF000390,U000558,U000559,246.82,paid,2026-02-25
RF000391,U000559,U000560,278.01,pending,2026-02-25
RF000392,U000560,U000561,54.28,paid,2026-02-24
RF000393,U000561,U000562,87.39,paid,2026-02-25
RF000394,U000563,U000564,261.39,paid,2026-02-25
RF000395,U000564,U000565,59.91,paid,2026-02-26
RF000396,U000565,U000566,178.84,paid,2026-02-25
RF000397,U000568,U000569,74.9,pending,2026-02-26
RF000398,U000569,U000570,196.27,paid,2026-02-26
RF000399,U000570,U000571,98.26,paid,2026-02-27
RF000400,U000571,U000572,158.49,paid,2026-02-27
RF000401,U000572,U000573,195.52,paid,2026-02-27
RF000402,U000573,U000574,253.54,paid,2026-03-02
RF000403,U000574,U000575,223.06,paid,2026-03-02
RF000404,U000575,U000576,87.03,paid,2026-02-27
RF000405,U000578,U000579,100.74,paid,2026-06-04
RF000406,U000579,U000580,183.35,paid,2026-06-05
RF000407,U000580,U000581,64.12,paid,2026-06-05
RF000408,U000582,U000583,144.59,paid,2026-06-05
RF000409,U000584,U000585,89.8,paid,2026-05-06
RF000410,U000585,U000586,158.94,paid,2026-05-06
RF000411,U000586,U000587,126.87,paid,2026-05-08
RF000412,U000587,U000588,136.06,paid,2026-05-08
RF000413,U000589,U000590,216.99,paid,2026-05-06
RF000414,U000590,U000591,81.1,paid,2026-05-09
RF000415,U000592,U000593,221.21,paid,2026-05-07
RF000416,U000593,U000594,64.71,paid,2026-05-12
RF000417,U000594,U000595,59.4,paid,2026-05-07
RF000418,U000595,U000596,114.82,paid,2026-05-10
RF000419,U000599,U000600,194.32,paid,2026-02-10
RF000420,U000600,U000601,137.85,paid,2026-02-09
RF000421,U000603,U000604,229.85,paid,2026-02-10
RF000422,U000604,U000605,216.46,paid,2026-02-11
RF000423,U000605,U000606,280.63,paid,2026-02-10
RF000424,U000606,U000607,161.77,paid,2026-02-10
RF000425,U000607,U000608,83.03,paid,2026-02-10
RF000426,U000609,U000610,116.14,paid,2026-02-11
RF000427,U000611,U000612,219.93,paid,2026-01-13
RF000428,U000612,U000613,283.08,paid,2026-01-13
RF000429,U000614,U000615,50.06,paid,2026-01-13
RF000430,U000615,U000616,230.29,paid,2026-01-13
RF000431,U000616,U000617,157.72,paid,2026-01-13
RF000432,U000617,U000618,287.55,paid,2026-01-13
RF000433,U000618,U000619,283.8,paid,2026-01-13
RF000434,U000619,U000620,53.79,paid,2026-01-13
RF000435,U000620,U000621,172.22,paid,2026-01-13
RF000436,U000621,U000622,222.39,paid,2026-01-13
RF000437,U000622,U000623,118.48,paid,2026-01-14
RF000438,U000623,U000624,255.79,pending,2026-01-14
RF000439,U000625,U000626,251.36,paid,2026-04-29
RF000440,U000627,U000628,159.31,pending,2026-05-01
RF000441,U000628,U000629,130.17,paid,2026-04-30
RF000442,U000629,U000630,197.3,paid,2026-05-01
RF000443,U000630,U000631,197.6,paid,2026-05-03
RF000444,U000631,U000632,234.01,paid,2026-05-02
RF000445,U000632,U000633,85.31,pending,2026-05-04
RF000446,U000634,U000635,262.08,paid,2026-05-02
RF000447,U000636,U000637,114.74,paid,2026-03-14
RF000448,U000637,U000638,109.6,pending,2026-03-14
RF000449,U000638,U000639,55.62,paid,2026-03-14
RF000450,U000639,U000640,89.05,paid,2026-03-14
RF000451,U000641,U000642,264.26,paid,2026-03-14
RF000452,U000643,U000644,180.16,paid,2026-03-14
RF000453,U000644,U000645,222.64,pending,2026-03-15
RF000454,U000646,U000647,131.76,paid,2026-03-15
RF000455,U000647,U000648,161.57,paid,2026-03-15
RF000456,U000649,U000650,177.3,paid,2026-01-15
RF000457,U000650,U000651,73.27,pending,2026-01-15
RF000458,U000651,U000652,264.18,paid,2026-01-18
RF000459,U000653,U000654,299.38,paid,2026-01-17
RF000460,U000654,U000655,67.77,paid,2026-01-18
RF000461,U000655,U000656,123.41,pending,2026-01-18
RF000462,U000656,U000657,293.9,paid,2026-01-20
RF000463,U000657,U000658,210.34,pending,2026-01-17
RF000464,U000659,U000660,249.23,paid,2026-01-18
RF000465,U000660,U000661,223.36,paid,2026-01-25
RF000466,U000662,U000663,249.86,paid,2025-10-28
RF000467,U000663,U000664,222.37,paid,2025-10-28
RF000468,U000664,U000665,148.43,paid,2025-10-28
RF000469,U000665,U000666,87.62,paid,2025-10-29
RF000470,U000666,U000667,286.26,paid,2025-10-29
RF000471,U000668,U000669,162.43,paid,2025-10-29
RF000472,U000670,U000671,67.7,paid,2025-10-29
RF000473,U000671,U000672,157.85,paid,2025-10-29
RF000474,U000673,U000674,115.01,paid,2025-10-29
RF000475,U000677,U000678,154.66,pending,2025-11-23
RF000476,U000678,U000679,119.12,paid,2025-11-23
RF000477,U000679,U000680,229.43,paid,2025-11-23
RF000478,U000680,U000681,78.19,pending,2025-11-23
RF000479,U000681,U000682,93.43,paid,2025-11-23
RF000480,U000682,U000683,203.9,paid,2025-11-23
RF000481,U000683,U000684,133.45,paid,2025-11-24
RF000482,U000684,U000685,184.73,paid,2025-11-24
RF000483,U000685,U000686,290.57,pending,2025-11-24
RF000484,U000686,U000687,126.88,pending,2025-11-25
RF000485,U000687,U000688,273.68,paid,2025-11-24
RF000486,U000689,U000690,108.63,paid,2025-11-27
RF000487,U000690,U000691,243.22,paid,2025-11-27
RF000488,U000691,U000692,153.23,paid,2025-11-27
RF000489,U000692,U000693,275.2,paid,2025-11-29
RF000490,U000693,U000694,236.35,paid,2025-11-28
RF000491,U000694,U000695,156.51,paid,2025-11-28
RF000492,U000696,U000697,136.39,paid,2025-11-27
RF000493,U000697,U000698,225.37,paid,2025-12-02
RF000494,U000698,U000699,92.02,pending,2025-12-03
RF000495,U000700,U000701,111.08,paid,2026-01-26
RF000496,U000701,U000702,135.89,paid,2026-01-26
RF000497,U000702,U000703,112.37,paid,2026-01-27
RF000498,U000704,U000705,166.97,paid,2026-07-28
RF000499,U000705,U000706,208.53,pending,2026-07-28
RF000500,U000706,U000707,252.95,paid,2026-07-29
RF000501,U000707,U000708,65.6,paid,2026-07-28
RF000502,U000708,U000709,252.19,paid,2026-07-31
RF000503,U000709,U000710,111.61,paid,2026-07-29
RF000504,U000711,U000712,256.08,paid,2026-02-03
RF000505,U000712,U000713,74.34,paid,2026-02-03
RF000506,U000713,U000714,76.24,paid,2026-02-03
RF000507,U000715,U000716,200.64,paid,2026-02-04
RF000508,U000716,U000717,251.09,paid,2026-02-03
RF000509,U000717,U000718,161.79,paid,2026-02-03
RF000510,U000718,U000719,100.9,paid,2026-02-03
RF000511,U000719,U000720,143.26,paid,2026-02-04
RF000512,U000721,U000722,86.93,paid,2026-02-03
RF000513,U000722,U000723,228.21,paid,2026-02-03
RF000514,U000723,U000724,206.56,paid,2026-02-05
RF000515,U000724,U000725,215.57,paid,2026-02-05
RF000516,U000726,U000727,225.19,paid,2025-10-29
RF000517,U000727,U000728,222.83,paid,2025-10-30
RF000518,U000728,U000729,78.42,paid,2025-10-30
RF000519,U000729,U000730,67.94,paid,2025-10-30
RF000520,U000731,U000732,76.38,paid,2026-01-12
RF000521,U000732,U000733,81.8,paid,2026-01-13
RF000522,U000733,U000734,219.69,paid,2026-01-13
RF000523,U000734,U000735,240.07,paid,2026-01-13
RF000524,U000737,U000738,152.16,pending,2026-07-03
RF000525,U000738,U000739,253.93,paid,2026-07-03
RF000526,U000739,U000740,174.56,pending,2026-07-03
RF000527,U000740,U000741,186.89,paid,2026-07-03
RF000528,U000741,U000742,102.49,paid,2026-07-03
RF000529,U000742,U000743,63.85,pending,2026-07-04
RF000530,U000744,U000745,80.12,paid,2026-07-04
RF000531,U000745,U000746,141.36,paid,2026-07-05
RF000532,U000746,U000747,114.04,paid,2026-07-04
RF000533,U000747,U000748,212.35,paid,2026-07-05
RF000534,U000748,U000749,64.71,paid,2026-07-05
RF000535,U000749,U000750,113.98,paid,2026-07-07
RF000536,U000750,U000751,285.97,paid,2026-07-05
RF000537,U000753,U000754,185.51,paid,2026-07-17
RF000538,U000754,U000755,87.29,paid,2026-07-17
RF000539,U000756,U000757,79.8,paid,2026-07-18
RF000540,U000757,U000758,275.31,paid,2026-07-18
RF000541,U000758,U000759,236.93,paid,2026-07-18
RF000542,U000759,U000760,187.6,pending,2026-07-18
RF000543,U000760,U000761,134.62,paid,2026-07-18
RF000544,U000761,U000762,99.58,paid,2026-07-18
RF000545,U000762,U000763,128.51,paid,2026-07-18
RF000546,U000763,U000764,139.25,paid,2026-07-18
RF000547,U001009,U001010,123.45,paid,2026-01-17
RF000548,U001009,U001011,158.66,paid,2025-12-26
RF000549,U001009,U001012,286.43,paid,2025-10-31
RF000550,U001009,U001013,121.64,pending,2026-04-28
RF000551,U001009,U001014,290.34,paid,2026-03-02
RF000552,U001009,U001015,85.28,paid,2025-10-21
RF000553,U001009,U001016,114.32,paid,2026-02-19
RF000554,U001009,U001017,216.52,paid,2025-09-29
RF000555,U001009,U001018,244.28,paid,2026-05-07
RF000556,U001009,U001019,237.2,paid,2026-01-07
RF000557,U001009,U001020,263.62,paid,2026-02-08
RF000558,U001009,U001021,259.86,paid,2026-03-04
RF000559,U001009,U001022,105.42,paid,2025-11-24
RF000560,U001009,U001023,151.02,paid,2026-04-25
RF000561,U001009,U001024,185.89,paid,2026-06-06
RF000562,U001009,U001025,57.3,pending,2025-11-10
RF000563,U001009,U001026,267.78,paid,2026-01-16
RF000564,U001009,U001027,205.06,paid,2026-05-26
RF000565,U001009,U001028,287.72,paid,2026-01-26
RF000566,U001009,U001029,51.47,paid,2026-01-30
RF000567,U001009,U001030,233.62,paid,2026-05-26
RF000568,U001009,U001031,132.28,pending,2025-10-27
RF000569,U001009,U001032,168.1,paid,2026-05-14
RF000570,U001009,U001033,112.66,paid,2026-03-19
RF000571,U001009,U001034,230.88,paid,2025-11-21
RF000572,U001009,U001035,180.15,paid,2026-05-04
RF000573,U001009,U001036,256.22,paid,2025-12-11
RF000574,U001009,U001037,278.9,paid,2025-11-27
RF000575,U001009,U001038,100.25,paid,2026-02-21
RF000576,U001009,U001039,60.07,clawed_back,2026-05-16
RF000577,U001009,U001040,148.11,pending,2026-01-05
RF000578,U001009,U001041,231.96,paid,2026-04-28
RF000579,U001009,U001042,231.76,paid,2025-12-04
RF000580,U001009,U001043,186.34,clawed_back,2025-09-29
RF000581,U001009,U001044,220.39,pending,2026-01-27
RF000582,U001009,U001045,99.22,paid,2026-03-24
RF000583,U001009,U001046,116.39,pending,2026-01-31
RF000584,U001009,U001047,122.11,paid,2026-02-10
RF000585,U001009,U001048,96.91,paid,2026-05-01
RF000586,U001009,U001049,50.04,pending,2026-05-29
RF000587,U001009,U001050,180.1,paid,2026-04-25
RF000588,U001051,U001052,92.62,paid,2026-01-14
RF000589,U001051,U001053,71.97,paid,2026-07-20
RF000590,U001051,U001054,100.54,pending,2026-04-23
RF000591,U001051,U001055,60.15,paid,2026-06-03
RF000592,U001051,U001056,142.08,paid,2026-05-18
RF000593,U001051,U001057,229.37,paid,2025-12-04
RF000594,U001051,U001058,116.47,paid,2025-12-10
RF000595,U001051,U001059,189.75,paid,2026-01-06
RF000596,U001051,U001060,271.33,paid,2026-05-01
RF000597,U001051,U001061,186.5,paid,2026-07-02
RF000598,U001051,U001062,174.26,paid,2026-05-31
RF000599,U001051,U001063,94.56,paid,2026-05-17
RF000600,U001051,U001064,153.98,pending,2026-07-25
RF000601,U001051,U001065,186.52,paid,2026-05-22
RF000602,U001051,U001066,73.19,pending,2026-02-08
RF000603,U001051,U001067,208.09,paid,2026-03-28
RF000604,U001051,U001068,97.99,paid,2026-06-17
RF000605,U001051,U001069,131.77,pending,2026-02-15
RF000606,U001051,U001070,180.38,pending,2026-05-09
RF000607,U001051,U001071,213.12,paid,2026-05-08
RF000608,U001051,U001072,76.98,paid,2026-07-04
RF000609,U001051,U001073,166.0,paid,2026-07-10
RF000610,U001051,U001074,228.95,paid,2026-05-31
RF000611,U001051,U001075,195.78,pending,2026-01-20
RF000612,U001051,U001076,226.41,paid,2026-02-14
RF000613,U001051,U001077,165.35,paid,2026-07-26
RF000614,U001051,U001078,132.27,paid,2026-06-14
RF000615,U001079,U001080,192.95,paid,2025-10-13
RF000616,U001079,U001081,184.18,paid,2026-04-03
RF000617,U001079,U001082,194.35,paid,2026-01-13
RF000618,U001079,U001083,224.08,paid,2025-10-18
RF000619,U001079,U001084,226.58,paid,2026-06-14
RF000620,U001079,U001085,126.0,paid,2026-03-23
RF000621,U001079,U001086,237.09,paid,2025-11-06
RF000622,U001079,U001087,171.38,paid,2026-03-29
RF000623,U001079,U001088,233.57,pending,2026-04-30
RF000624,U001079,U001089,202.6,pending,2026-03-01
RF000625,U001079,U001090,169.91,paid,2026-01-04
RF000626,U001079,U001091,145.21,paid,2025-10-09
RF000627,U001079,U001092,81.92,paid,2026-01-03
RF000628,U001079,U001093,86.48,pending,2026-03-03
RF000629,U001079,U001094,172.57,paid,2026-06-06
RF000630,U001079,U001095,247.94,paid,2026-02-16
RF000631,U001079,U001096,178.07,paid,2026-02-27
RF000632,U001079,U001097,145.65,pending,2025-11-15
RF000633,U001079,U001098,181.56,paid,2026-01-01
RF000634,U001079,U001099,200.33,paid,2025-12-04
RF000635,U001079,U001100,154.04,paid,2025-10-24
RF000636,U001079,U001101,77.3,paid,2025-10-04
RF000637,U001079,U001102,273.57,paid,2026-04-11
RF000638,U001079,U001103,290.27,paid,2026-04-08
RF000639,U001079,U001104,290.14,pending,2026-05-07
RF000640,U001079,U001105,108.25,paid,2026-01-25
RF000641,U001079,U001106,232.09,paid,2025-10-08
RF000642,U001079,U001107,274.24,paid,2025-10-10
RF000643,U001079,U001108,87.42,paid,2025-12-18
RF000644,U001079,U001109,266.29,paid,2026-03-24
RF000645,U001079,U001110,155.41,clawed_back,2025-12-22
RF000646,U001079,U001111,82.27,pending,2025-09-29
RF000647,U001079,U001112,202.09,paid,2026-03-26
RF000648,U001113,U001114,206.82,paid,2026-03-09
RF000649,U001113,U001115,189.91,clawed_back,2026-05-04
RF000650,U001113,U001116,193.27,clawed_back,2026-01-24
RF000651,U001113,U001117,170.83,paid,2026-04-30
RF000652,U001113,U001118,104.46,pending,2025-11-04
RF000653,U001113,U001119,128.92,paid,2025-10-07
RF000654,U001113,U001120,130.42,pending,2026-03-17
RF000655,U001113,U001121,210.79,paid,2026-02-28
RF000656,U001113,U001122,97.41,paid,2025-11-03
RF000657,U001113,U001123,151.37,paid,2025-10-11
RF000658,U001113,U001124,192.54,paid,2025-11-20
RF000659,U001113,U001125,240.28,paid,2026-04-01
RF000660,U001113,U001126,128.83,paid,2026-04-17
RF000661,U001113,U001127,141.06,paid,2026-02-01
RF000662,U001113,U001128,112.29,paid,2026-02-27
RF000663,U001113,U001129,129.09,paid,2026-03-27
RF000664,U001113,U001130,254.77,paid,2026-02-15
RF000665,U001113,U001131,139.31,paid,2025-10-17
RF000666,U001113,U001132,207.9,pending,2025-12-19
RF000667,U001113,U001133,257.4,pending,2026-01-23
RF000668,U001113,U001134,232.56,paid,2026-05-05
RF000669,U001113,U001135,296.63,paid,2026-02-06
RF000670,U001113,U001136,59.03,paid,2025-10-21
RF000671,U001113,U001137,200.91,paid,2026-03-26
RF000672,U001113,U001138,215.35,paid,2025-11-15
RF000673,U001113,U001139,203.99,pending,2026-03-08
RF000674,U001113,U001140,214.07,pending,2026-03-15
RF000675,U001113,U001141,138.87,paid,2025-10-09
RF000676,U001142,U001143,186.23,paid,2026-02-22
RF000677,U001142,U001144,282.07,pending,2025-12-28
RF000678,U001142,U001145,219.32,paid,2026-03-07
RF000679,U001142,U001146,85.39,paid,2026-01-31
RF000680,U001142,U001147,255.31,paid,2026-07-03
RF000681,U001142,U001148,109.77,paid,2026-01-26
RF000682,U001142,U001149,279.61,pending,2026-02-04
RF000683,U001142,U001150,77.45,paid,2026-01-17
RF000684,U001142,U001151,163.33,paid,2025-11-30
RF000685,U001142,U001152,265.65,paid,2026-05-11
RF000686,U001142,U001153,109.14,pending,2026-05-30
RF000687,U001142,U001154,281.36,paid,2026-01-20
RF000688,U001142,U001155,295.33,paid,2025-11-04
RF000689,U001142,U001156,195.24,paid,2026-07-19
RF000690,U001142,U001157,293.36,paid,2026-04-01
RF000691,U001142,U001158,200.83,paid,2026-04-05
RF000692,U001142,U001159,61.5,paid,2026-04-02
RF000693,U001142,U001160,120.48,paid,2026-04-05
RF000694,U001142,U001161,268.22,paid,2026-05-27
RF000695,U001142,U001162,157.33,paid,2025-11-08
RF000696,U001142,U001163,117.92,paid,2026-02-20
RF000697,U001142,U001164,144.25,paid,2026-06-11
RF000698,U001142,U001165,274.82,paid,2025-12-08
RF000699,U001142,U001166,121.31,clawed_back,2026-01-31
RF000700,U001142,U001167,151.16,paid,2026-01-20
RF000701,U001142,U001168,87.89,pending,2026-03-24
RF000702,U001169,U001170,283.69,paid,2026-02-11
RF000703,U001169,U001171,144.75,paid,2025-11-29
RF000704,U001169,U001172,244.7,paid,2026-05-07
RF000705,U001169,U001173,252.9,paid,2025-12-03
RF000706,U001169,U001174,195.47,paid,2025-11-08
RF000707,U001169,U001175,287.62,pending,2025-10-31
RF000708,U001169,U001176,257.65,paid,2026-03-22
RF000709,U001169,U001177,181.17,paid,2025-09-21
RF000710,U001169,U001178,158.14,paid,2026-05-25
RF000711,U001169,U001179,179.33,paid,2026-01-25
RF000712,U001169,U001180,271.22,paid,2026-02-03
RF000713,U001169,U001181,270.53,clawed_back,2025-09-24
RF000714,U001169,U001182,257.15,paid,2026-04-11
RF000715,U001169,U001183,203.86,paid,2025-11-23
RF000716,U001169,U001184,118.6,paid,2025-11-10
RF000717,U001169,U001185,158.96,paid,2026-01-18
RF000718,U001169,U001186,248.85,paid,2025-12-08
RF000719,U001169,U001187,80.6,paid,2026-01-21
RF000720,U001169,U001188,296.32,paid,2025-10-29
RF000721,U001169,U001189,182.43,paid,2025-12-21
RF000722,U001169,U001190,152.15,paid,2026-01-10
RF000723,U001169,U001191,59.22,paid,2026-03-07
RF000724,U001169,U001192,189.62,paid,2026-04-15
RF000725,U001169,U001193,196.44,pending,2025-11-22
RF000726,U001169,U001194,152.89,paid,2025-11-29
RF000727,U001169,U001195,161.59,paid,2025-10-18
RF000728,U001169,U001196,50.87,paid,2026-05-30
RF000729,U001169,U001197,270.69,pending,2025-09-18
RF000730,U001169,U001198,258.06,paid,2026-04-21
RF000731,U001169,U001199,74.91,paid,2026-04-29
RF000732,U001169,U001200,73.24,paid,2026-04-29
RF000733,U001169,U001201,157.87,paid,2026-04-29
RF000734,U001169,U001202,109.76,paid,2026-01-22
RF000735,U001169,U001203,68.43,paid,2025-11-04
RF000736,U001169,U001204,114.93,paid,2026-05-29
RF000737,U001169,U001205,75.89,paid,2025-11-27
RF000738,U001169,U001206,252.97,paid,2026-02-04
RF000739,U001207,U001208,209.78,paid,2026-02-02
RF000740,U001207,U001209,203.26,paid,2026-06-20
RF000741,U001207,U001210,275.76,pending,2026-06-05
RF000742,U001207,U001211,77.42,paid,2026-05-26
RF000743,U001207,U001212,230.85,paid,2026-02-17
RF000744,U001207,U001213,149.89,paid,2026-03-11
RF000745,U001207,U001214,145.31,paid,2026-03-31
RF000746,U001207,U001215,268.35,paid,2025-12-20
RF000747,U001207,U001216,213.82,paid,2026-01-08
RF000748,U001207,U001217,160.96,paid,2026-04-14
RF000749,U001207,U001218,124.04,paid,2026-05-13
RF000750,U001207,U001219,81.73,pending,2026-04-18
RF000751,U001207,U001220,190.62,paid,2026-04-23
RF000752,U001207,U001221,269.12,paid,2025-11-29
RF000753,U001207,U001222,205.98,paid,2025-11-07
RF000754,U001207,U001223,122.86,paid,2026-01-11
RF000755,U001207,U001224,226.65,paid,2026-06-05
RF000756,U001207,U001225,297.49,paid,2026-04-19
RF000757,U001207,U001226,206.22,paid,2026-03-04
RF000758,U001207,U001227,76.94,paid,2026-05-14
RF000759,U001207,U001228,232.55,paid,2026-04-26
RF000760,U001207,U001229,246.59,paid,2026-05-01
RF000761,U001207,U001230,268.84,paid,2026-02-28
RF000762,U001207,U001231,199.99,paid,2026-04-17
RF000763,U001207,U001232,104.24,pending,2026-05-08
RF000764,U001207,U001233,238.88,paid,2026-01-21
RF000765,U001207,U001234,219.32,paid,2025-11-01
RF000766,U001207,U001235,227.16,pending,2026-02-17
RF000767,U001207,U001236,78.87,paid,2026-03-23
RF000768,U001207,U001237,141.05,paid,2025-11-14
RF000769,U001207,U001238,212.43,paid,2026-05-29
RF000770,U001207,U001239,239.62,paid,2025-11-12
RF000771,U001207,U001240,88.41,pending,2025-11-02
RF000772,U001207,U001241,84.88,paid,2026-01-21
RF000773,U001207,U001242,188.36,paid,2026-03-15
RF000774,U001207,U001243,262.33,paid,2025-11-26
RF000775,U001207,U001244,50.7,pending,2026-04-07
RF000776,U001207,U001245,191.2,pending,2025-10-28
RF000777,U001207,U001246,233.5,paid,2025-12-20
RF000778,U001207,U001247,297.68,paid,2026-02-06
RF000779,U006915,U004652,295.51,paid,2026-08-27
RF000780,U004323,U002745,209.45,paid,2025-10-27
RF000781,U005885,U006057,280.44,pending,2026-06-30
RF000782,U007065,U003125,227.62,paid,2026-05-03
RF000783,U002632,U006860,53.87,paid,2026-02-13
RF000784,U002049,U007170,274.23,paid,2026-04-22
RF000785,U002783,U002164,74.56,paid,2025-12-07
RF000786,U003089,U002148,227.99,pending,2026-01-10
RF000787,U005727,U004713,167.75,pending,2025-11-09
RF000788,U006022,U007255,289.74,paid,2026-01-20
RF000789,U006480,U005312,151.22,paid,2025-10-12
RF000790,U003285,U003357,210.45,paid,2026-08-16
RF000791,U007172,U003790,237.35,paid,2026-08-08
RF000792,U007123,U001725,157.19,paid,2026-01-24
RF000793,U003981,U004589,267.07,clawed_back,2026-06-19
RF000794,U004423,U005552,216.89,paid,2025-12-23
RF000795,U007120,U002922,191.82,paid,2025-12-29
RF000796,U004795,U006090,122.94,pending,2025-09-16
RF000797,U005477,U004573,101.32,clawed_back,2026-03-08
RF000798,U003469,U004458,242.44,paid,2026-08-21
RF000799,U003441,U004374,214.03,paid,2026-08-27
RF000800,U004591,U004175,217.39,paid,2026-03-14
RF000801,U005890,U004184,172.79,clawed_back,2026-01-07
RF000802,U002231,U006581,132.24,paid,2026-03-13
RF000803,U005504,U002416,73.93,pending,2025-11-11
RF000804,U005769,U003883,121.21,pending,2026-01-25
RF000805,U005669,U006060,206.81,pending,2026-07-28
RF000806,U002447,U002894,149.88,paid,2025-11-25
RF000807,U005628,U005121,141.59,paid,2025-11-09
RF000808,U001656,U002899,66.07,paid,2026-05-01
RF000809,U006699,U006363,210.75,paid,2026-07-30
RF000810,U006249,U001861,239.95,paid,2026-01-19
RF000811,U003054,U006612,136.56,paid,2026-07-30
RF000812,U005443,U006550,241.15,clawed_back,2025-10-30
RF000813,U005629,U006271,240.91,paid,2025-11-16
RF000814,U002023,U003607,256.34,paid,2026-02-19
RF000815,U006377,U003124,166.56,paid,2026-01-16
RF000816,U005132,U003844,288.63,paid,2026-06-02
RF000817,U002781,U004141,281.25,paid,2025-11-29
RF000818,U002791,U005337,88.81,paid,2025-11-23
RF000819,U005413,U005896,256.44,paid,2026-02-22
RF000820,U002180,U007486,140.04,paid,2026-06-01
RF000821,U003665,U006707,161.23,paid,2025-11-10
RF000822,U003664,U002355,174.65,paid,2026-01-20
RF000823,U007195,U006134,179.18,paid,2026-04-22
RF000824,U003928,U006875,83.55,paid,2026-05-01
RF000825,U006799,U002463,97.06,paid,2025-09-28
RF000826,U005680,U005869,149.76,paid,2026-06-25
RF000827,U001720,U003615,279.71,pending,2026-04-29
RF000828,U007171,U006553,270.02,paid,2025-10-12
RF000829,U002217,U005132,218.25,pending,2026-05-22
RF000830,U005039,U003437,237.34,pending,2025-11-01
RF000831,U003064,U004857,246.1,paid,2026-06-08
RF000832,U005270,U006676,292.75,paid,2025-10-06
RF000833,U004711,U006959,104.23,paid,2025-11-09
RF000834,U005610,U003786,176.21,pending,2025-12-19
RF000835,U002034,U002990,134.28,paid,2025-09-11
RF000836,U005493,U005617,92.3,paid,2026-06-25
RF000837,U005416,U002187,210.04,paid,2026-07-01
RF000838,U003533,U001601,138.3,paid,2026-04-15
RF000839,U007347,U005374,94.3,paid,2026-08-24
RF000840,U001510,U004879,201.9,pending,2026-04-25
RF000841,U003262,U006384,139.32,pending,2026-05-16
RF000842,U002364,U006812,53.84,pending,2025-10-19
RF000843,U003351,U003577,200.89,paid,2026-05-28
RF000844,U005793,U006313,94.67,paid,2026-02-11
RF000845,U005548,U005170,195.52,pending,2026-08-02
RF000846,U002336,U004479,219.94,paid,2026-02-08
RF000847,U004146,U006019,242.5,paid,2025-10-15
RF000848,U001864,U007320,151.71,paid,2026-05-30
RF000849,U001552,U001972,171.57,paid,2026-04-30
RF000850,U006211,U007283,297.96,paid,2026-02-21
RF000851,U005255,U005199,108.02,paid,2026-03-22
RF000852,U005570,U003877,162.58,paid,2026-04-18
RF000853,U005543,U007104,60.17,paid,2025-10-18
RF000854,U003194,U005197,284.38,paid,2026-01-13
RF000855,U002350,U007368,233.43,paid,2026-07-18
RF000856,U007006,U005035,251.14,clawed_back,2025-12-04
RF000857,U002831,U006021,237.57,pending,2026-01-23
RF000858,U005706,U007374,135.6,paid,2026-04-17
RF000859,U005788,U003302,223.75,paid,2026-06-25
RF000860,U007218,U005828,104.45,paid,2026-04-01
RF000861,U004380,U005616,164.66,pending,2026-08-23
RF000862,U001503,U007200,122.57,paid,2026-06-29
RF000863,U005971,U005820,211.75,paid,2026-01-13
RF000864,U003623,U003910,121.36,paid,2025-11-02
RF000865,U005815,U007443,182.89,paid,2025-11-22
RF000866,U003445,U002650,156.71,paid,2026-07-25
RF000867,U005917,U001678,110.39,paid,2026-07-20
RF000868,U004550,U005944,72.21,paid,2026-03-13
RF000869,U003067,U006599,82.5,paid,2025-10-09
RF000870,U006784,U002861,99.6,paid,2026-05-20
RF000871,U007031,U003046,188.21,clawed_back,2025-11-04
RF000872,U005981,U005045,202.92,paid,2026-02-17
RF000873,U004725,U007020,178.77,paid,2026-05-28
RF000874,U003779,U005382,256.23,pending,2025-09-16
RF000875,U006072,U001530,286.02,clawed_back,2026-02-07
RF000876,U006039,U001893,182.16,paid,2025-10-26
RF000877,U001940,U006851,85.14,clawed_back,2026-03-27
RF000878,U005807,U003788,297.26,clawed_back,2025-12-19
RF000879,U003209,U006510,95.45,paid,2026-08-23
RF000880,U005638,U002930,172.2,pending,2025-11-13
RF000881,U004892,U003612,255.5,paid,2026-07-04
RF000882,U006994,U007040,85.29,pending,2025-12-12
RF000883,U006532,U006827,80.93,paid,2026-05-04
RF000884,U001758,U007106,156.54,paid,2026-08-10
RF000885,U004831,U006388,290.71,clawed_back,2026-06-22
RF000886,U002967,U004127,148.65,paid,2025-10-26
RF000887,U004537,U005907,294.34,pending,2026-02-07
RF000888,U003744,U006088,118.52,paid,2026-05-10
RF000889,U002054,U004533,225.98,paid,2025-11-28
RF000890,U006819,U004331,169.09,paid,2026-01-17
RF000891,U002088,U002004,94.02,paid,2026-02-22
RF000892,U006610,U001870,176.4,paid,2025-12-02
RF000893,U003379,U001566,224.51,paid,2026-08-04
RF000894,U002887,U006979,278.92,paid,2026-02-15
RF000895,U003065,U005241,196.64,paid,2026-05-09
RF000896,U004690,U002984,209.05,paid,2025-10-15
RF000897,U004486,U005293,175.8,paid,2026-01-08
RF000898,U006406,U004182,82.2,paid,2026-04-16
RF000899,U005841,U002048,121.54,clawed_back,2026-01-03
RF000900,U004074,U003878,195.88,paid,2026-04-02
RF000901,U007150,U006613,263.53,pending,2025-09-18
RF000902,U006812,U003730,121.19,paid,2025-11-11
RF000903,U001765,U005714,287.79,paid,2026-04-11
RF000904,U006253,U003486,135.73,paid,2025-10-14
RF000905,U006595,U007458,175.83,pending,2026-08-01
RF000906,U005767,U003930,290.16,paid,2025-10-24
RF000907,U003595,U003127,185.94,clawed_back,2026-02-04
RF000908,U005518,U003194,191.46,paid,2025-12-25
RF000909,U005467,U005525,104.87,paid,2026-01-05
RF000910,U004862,U004093,170.09,paid,2026-06-17
RF000911,U007144,U005222,279.07,pending,2026-03-28
RF000912,U004182,U005103,266.8,paid,2026-04-18
RF000913,U002371,U005128,276.04,paid,2026-08-07
RF000914,U002908,U006484,149.06,paid,2026-08-24
RF000915,U001982,U005007,173.68,pending,2026-01-19
RF000916,U001880,U004296,192.17,paid,2026-03-07
RF000917,U002473,U006738,178.45,paid,2025-09-13
RF000918,U004388,U006092,51.0,paid,2026-01-16
RF000919,U001864,U005372,267.36,paid,2026-05-05
RF000920,U005191,U003491,144.18,paid,2026-05-02
RF000921,U001734,U006417,74.95,paid,2026-06-08
RF000922,U004281,U003592,53.47,paid,2026-04-24
RF000923,U004152,U003689,266.9,paid,2026-02-13
RF000924,U002583,U004651,129.22,paid,2025-12-08
RF000925,U004292,U005692,208.87,paid,2026-05-26
RF000926,U005447,U005401,178.22,pending,2026-05-11
RF000927,U004998,U004091,234.08,paid,2025-11-14
RF000928,U002018,U002092,132.13,clawed_back,2026-07-14
RF000929,U002627,U003362,163.68,paid,2025-12-25
RF000930,U005280,U001715,51.72,paid,2026-06-06
RF000931,U005151,U006073,273.11,paid,2026-04-08
RF000932,U006166,U003866,264.24,pending,2026-06-05
RF000933,U001767,U006151,63.31,clawed_back,2026-01-02
RF000934,U005346,U003551,192.99,paid,2026-03-15
RF000935,U006117,U002885,283.63,paid,2025-12-03
RF000936,U001606,U006049,271.37,paid,2026-03-13
RF000937,U003522,U005884,282.89,paid,2026-04-29
RF000938,U003673,U004923,206.91,pending,2026-03-13
RF000939,U003731,U002162,85.36,paid,2026-07-13
RF000940,U006991,U005940,208.71,paid,2026-08-27
RF000941,U005457,U006440,239.88,paid,2025-12-09
RF000942,U004275,U004941,267.37,pending,2026-06-02
RF000943,U006889,U003695,116.19,paid,2026-03-14
RF000944,U001977,U006555,283.62,paid,2025-11-03
RF000945,U003033,U003806,117.66,paid,2025-12-03
RF000946,U006377,U002472,292.68,pending,2026-01-25
RF000947,U003372,U002057,160.08,paid,2025-11-15
RF000948,U004841,U007467,199.06,paid,2025-12-06
RF000949,U001660,U003251,246.96,paid,2026-06-18
RF000950,U003188,U004555,216.31,paid,2026-04-04
RF000951,U002190,U005572,111.99,paid,2025-09-17
RF000952,U005160,U002291,188.45,paid,2026-03-27
RF000953,U005765,U002081,147.12,paid,2026-03-12
RF000954,U004703,U001955,139.54,paid,2026-07-22
RF000955,U004874,U002844,55.63,clawed_back,2026-02-06
RF000956,U002389,U002706,169.12,paid,2026-06-06
RF000957,U003054,U006594,186.07,paid,2026-08-06
RF000958,U001558,U004951,245.26,paid,2025-12-02
RF000959,U004280,U006373,145.38,paid,2026-03-26
RF000960,U004941,U004672,147.12,paid,2026-07-01
RF000961,U002463,U001956,183.51,paid,2025-10-04
RF000962,U002550,U004003,256.97,paid,2026-06-03
RF000963,U002278,U001615,181.58,pending,2026-03-10
RF000964,U005498,U005207,219.26,paid,2026-08-15
RF000965,U005867,U001913,157.26,paid,2026-07-24
RF000966,U006476,U006201,105.59,paid,2025-11-16
RF000967,U004594,U007468,265.51,pending,2025-10-07
RF000968,U001821,U006973,271.09,paid,2026-03-19
RF000969,U006374,U003140,288.12,paid,2026-05-18
RF000970,U002384,U004319,225.42,paid,2026-03-28
RF000971,U002813,U006249,63.78,paid,2026-01-04
RF000972,U007079,U004989,158.21,paid,2026-04-14
RF000973,U007155,U005878,184.06,paid,2026-03-16
RF000974,U006305,U004549,144.5,paid,2025-10-10
RF000975,U003561,U005294,241.87,paid,2025-09-09
RF000976,U004290,U004394,109.28,paid,2026-05-23
RF000977,U004741,U007473,71.21,paid,2026-03-22
RF000978,U001652,U004196,132.79,paid,2026-05-26
RF000979,U004970,U006618,252.93,pending,2026-03-21
RF000980,U005696,U005333,101.72,paid,2025-11-16
RF000981,U005106,U004648,175.54,paid,2026-05-18
RF000982,U005635,U004507,227.85,paid,2026-01-29
RF000983,U001954,U004077,111.22,paid,2026-03-19
RF000984,U003698,U002427,68.69,paid,2025-09-27
RF000985,U002737,U002610,291.13,paid,2026-07-16
RF000986,U003166,U007245,140.59,pending,2026-02-11
RF000987,U003314,U003047,128.48,paid,2026-06-30
RF000988,U002382,U001762,129.61,paid,2025-11-07
RF000989,U006193,U005019,288.78,paid,2026-06-26
RF000990,U003454,U003068,210.65,pending,2025-11-14
RF000991,U004148,U003006,121.08,paid,2025-12-17
RF000992,U007156,U002018,273.28,paid,2026-06-29
RF000993,U001655,U007246,259.21,paid,2026-05-09
RF000994,U006560,U003874,89.69,paid,2026-08-27
RF000995,U004618,U006012,251.35,paid,2026-03-20
RF000996,U002002,U001721,58.68,paid,2026-02-17
RF000997,U002317,U006177,246.23,paid,2026-07-04
RF000998,U006874,U001719,102.27,paid,2025-09-27
RF000999,U005554,U002391,175.62,paid,2026-04-26
RF001000,U006996,U003298,90.49,paid,2026-01-12
RF001001,U004263,U003393,160.92,paid,2025-10-24
RF001002,U002562,U006182,268.27,paid,2026-04-25
RF001003,U003881,U002983,266.14,pending,2026-02-19
RF001004,U002736,U006741,67.12,paid,2025-11-04
RF001005,U004512,U004823,248.42,paid,2025-10-01
RF001006,U004242,U003144,87.45,paid,2025-11-10
RF001007,U006668,U004775,165.78,paid,2025-12-09
RF001008,U006320,U001596,93.52,paid,2026-07-21
RF001009,U005702,U004232,160.7,paid,2026-06-30
RF001010,U001827,U003865,220.57,paid,2026-06-13
RF001011,U004580,U006832,92.28,clawed_back,2026-01-30
RF001012,U006076,U004012,106.37,paid,2026-06-05
RF001013,U003214,U006255,81.28,paid,2025-12-15
RF001014,U004795,U003168,51.89,paid,2025-09-12
RF001015,U007335,U002989,174.3,paid,2025-11-20
RF001016,U007055,U007295,186.6,paid,2025-10-27
RF001017,U006993,U006746,154.11,pending,2026-08-15
RF001018,U006943,U004454,71.54,paid,2025-10-14
RF001019,U002590,U004916,265.84,paid,2026-04-02
RF001020,U006955,U005760,265.69,clawed_back,2026-05-16
RF001021,U004927,U002580,150.71,paid,2025-10-04
RF001022,U006482,U006121,68.26,paid,2026-08-11
RF001023,U001879,U007213,255.62,paid,2026-08-27
RF001024,U005729,U005092,202.78,paid,2026-04-05
RF001025,U004261,U002945,162.12,pending,2026-08-15
RF001026,U007411,U003542,221.07,paid,2026-01-28
RF001027,U004594,U006809,287.97,paid,2025-10-30
RF001028,U002337,U001632,273.59,paid,2025-09-24
RF001029,U002324,U005769,213.17,paid,2026-01-12
RF001030,U007138,U006351,263.8,paid,2025-09-27
RF001031,U003022,U003428,175.74,pending,2026-01-25
RF001032,U004252,U007109,66.26,paid,2025-11-10
RF001033,U006789,U007253,144.25,paid,2026-02-14
RF001034,U006949,U004639,253.37,paid,2025-12-25
RF001035,U006944,U002447,282.86,paid,2025-11-24
RF001036,U004236,U006787,234.51,pending,2026-02-06
RF001037,U006952,U005212,149.56,paid,2025-10-17
RF001038,U005844,U005564,103.34,clawed_back,2026-08-27
RF001039,U001968,U005026,171.57,paid,2025-11-07
RF001040,U001800,U002856,253.46,pending,2026-06-01
RF001041,U002738,U006087,227.21,paid,2025-10-12
RF001042,U005582,U006616,183.99,paid,2025-12-17
RF001043,U003603,U007081,69.55,paid,2026-08-24
RF001044,U006617,U004633,176.68,paid,2026-08-18
RF001045,U004494,U006595,208.16,paid,2026-07-03
RF001046,U007010,U003138,165.45,paid,2026-03-18
RF001047,U006221,U005183,112.43,paid,2026-04-16
RF001048,U002970,U003637,172.88,paid,2026-02-23
RF001049,U006742,U006571,244.73,paid,2026-08-17
RF001050,U003895,U004973,75.02,paid,2026-03-02
RF001051,U003516,U006757,168.15,paid,2025-11-27
RF001052,U003905,U006113,212.85,clawed_back,2026-03-26
RF001053,U005943,U004259,192.47,paid,2026-06-05
RF001054,U004459,U002044,152.82,paid,2026-01-01
RF001055,U006089,U004975,93.18,paid,2026-06-09
RF001056,U005807,U006564,163.85,paid,2025-12-12
RF001057,U001536,U006720,295.92,paid,2026-05-02
RF001058,U002229,U003236,78.47,paid,2026-08-26
RF001059,U005588,U007155,238.19,paid,2026-03-13
RF001060,U003078,U003337,96.74,paid,2026-07-23
RF001061,U003254,U002550,86.86,pending,2026-05-21
RF001062,U005919,U004695,147.13,paid,2026-04-23
RF001063,U003537,U005159,219.32,paid,2026-01-03
RF001064,U005534,U003604,125.76,paid,2025-12-25
RF001065,U001616,U003212,229.86,clawed_back,2026-06-24
RF001066,U003257,U002493,235.81,paid,2025-10-15
RF001067,U005653,U004028,194.8,pending,2026-08-08
RF001068,U005204,U006508,245.97,paid,2025-11-27
RF001069,U006421,U004503,186.18,pending,2026-07-25
RF001070,U001972,U001516,68.86,paid,2026-05-01
RF001071,U001670,U002665,184.22,paid,2026-07-12
RF001072,U004494,U005972,254.89,paid,2026-06-21
RF001073,U004282,U003139,140.45,paid,2025-10-31
RF001074,U005785,U007204,104.06,paid,2026-01-14
RF001075,U004660,U006602,189.14,paid,2025-09-17
RF001076,U004558,U002383,68.08,paid,2026-07-10
RF001077,U001905,U005116,140.0,paid,2026-04-20
RF001078,U006596,U003802,57.75,paid,2025-12-13
RF001079,U005468,U004044,111.02,paid,2025-11-02
RF001080,U005424,U007434,218.3,paid,2025-09-08
RF001081,U001790,U003501,176.34,paid,2026-08-14
RF001082,U003928,U002414,169.75,clawed_back,2026-05-29
RF001083,U007042,U002167,231.89,paid,2026-08-06
RF001084,U001720,U005221,255.21,paid,2026-05-11
RF001085,U007017,U007228,137.85,paid,2025-09-30
RF001086,U004412,U002150,224.18,paid,2026-06-16
RF001087,U006628,U002949,211.29,pending,2026-03-24
RF001088,U004549,U006530,203.69,paid,2025-10-16
RF001089,U003136,U007398,206.46,pending,2025-12-13
RF001090,U001613,U005049,88.42,paid,2026-01-12
RF001091,U004735,U007126,240.14,paid,2026-06-13
RF001092,U005632,U002216,124.4,paid,2026-04-12
RF001093,U005998,U001797,141.46,paid,2026-01-18
RF001094,U006520,U004505,148.36,pending,2025-12-30
RF001095,U004272,U003093,52.92,paid,2026-02-13
RF001096,U002599,U003685,207.34,paid,2026-08-25
RF001097,U006108,U003082,183.46,paid,2025-12-27
RF001098,U004041,U004832,211.79,paid,2025-10-08
RF001099,U006480,U005784,242.68,pending,2025-10-10
RF001100,U006599,U002724,256.37,paid,2025-10-22
RF001101,U004336,U002585,97.02,paid,2026-06-09
RF001102,U001977,U001975,77.12,paid,2025-10-17
RF001103,U002809,U007499,195.59,paid,2026-04-25
RF001104,U001982,U001846,122.77,pending,2025-12-23
RF001105,U002626,U004794,138.39,paid,2026-03-18
RF001106,U001976,U003134,50.43,paid,2026-07-05
RF001107,U003303,U003750,207.66,paid,2026-06-12
RF001108,U005036,U006327,101.29,paid,2025-11-20
RF001109,U004567,U003527,264.29,pending,2025-09-29
RF001110,U005938,U004129,84.76,paid,2026-05-23
RF001111,U003860,U004983,152.48,paid,2025-12-20
RF001112,U002396,U006148,199.51,pending,2026-04-21
RF001113,U003042,U004759,150.59,paid,2026-07-08
RF001114,U006169,U005849,73.61,paid,2025-10-07
RF001115,U006777,U004337,252.97,paid,2025-10-19
RF001116,U005972,U003596,196.12,paid,2026-06-30
RF001117,U002300,U002094,209.37,pending,2026-07-21
RF001118,U004725,U007480,176.89,pending,2026-05-12
RF001119,U006348,U002175,240.61,paid,2026-04-16
RF001120,U002305,U002271,175.17,paid,2026-08-27
RF001121,U004759,U001567,183.93,paid,2026-08-04
RF001122,U002880,U005407,172.23,paid,2026-02-02
RF001123,U005296,U002517,266.75,paid,2025-10-30
RF001124,U002967,U003793,100.69,paid,2025-10-25
RF001125,U006330,U003893,260.32,paid,2025-10-11
RF001126,U005350,U002446,257.07,pending,2026-07-02
RF001127,U002982,U003305,128.39,paid,2025-11-14
RF001128,U003018,U001980,62.73,pending,2025-12-09
RF001129,U006379,U005202,246.89,clawed_back,2025-11-15
RF001130,U004680,U006792,50.94,paid,2025-11-19
RF001131,U001799,U003490,246.32,paid,2025-11-06
RF001132,U006143,U004628,84.86,paid,2025-12-22
RF001133,U004252,U003034,101.47,paid,2025-12-06
RF001134,U007444,U006386,184.51,paid,2026-03-22
RF001135,U002192,U004831,199.26,paid,2026-06-06
RF001136,U001646,U007431,175.2,paid,2025-12-15
RF001137,U005007,U002461,155.96,paid,2026-02-10
RF001138,U004248,U003016,260.51,paid,2026-02-28
RF001139,U005996,U004930,69.22,pending,2026-02-02
RF001140,U002925,U005126,228.11,paid,2025-12-17
RF001141,U003311,U007053,124.17,paid,2025-09-14
RF001142,U006189,U004999,226.61,paid,2026-03-10
RF001143,U004649,U007489,151.81,paid,2026-02-04
RF001144,U002348,U005184,147.96,paid,2026-05-08
RF001145,U003751,U005863,167.33,paid,2025-12-21
RF001146,U004002,U005363,255.17,paid,2026-03-29
RF001147,U005978,U003847,81.2,paid,2026-07-19
RF001148,U003736,U001849,211.69,paid,2025-09-10
RF001149,U001541,U005449,272.03,paid,2025-11-30
RF001150,U005352,U004635,259.62,paid,2026-03-07
RF001151,U003669,U002622,221.22,paid,2026-04-13
RF001152,U004834,U003275,218.59,paid,2025-11-09
RF001153,U004877,U002859,92.49,paid,2025-09-30
RF001154,U001867,U004764,80.27,paid,2026-07-06
RF001155,U004467,U007111,296.67,paid,2026-01-25
RF001156,U004253,U004500,146.12,paid,2025-10-14
RF001157,U004745,U002716,195.78,paid,2026-05-16
RF001158,U005274,U006926,116.85,paid,2026-02-22
RF001159,U005087,U006471,284.91,paid,2026-05-03
RF001160,U006423,U004902,231.42,paid,2026-03-24
RF001161,U001729,U004464,184.86,paid,2025-10-15
RF001162,U003998,U005949,245.23,pending,2026-03-01
RF001163,U007415,U004096,76.76,clawed_back,2026-04-02
RF001164,U005419,U003796,62.21,paid,2026-01-02
RF001165,U002323,U003816,228.36,paid,2025-10-05
RF001166,U005523,U007249,207.2,paid,2026-01-17
RF001167,U003056,U006672,210.68,pending,2026-02-26
RF001168,U003644,U005426,217.83,pending,2026-03-13
RF001169,U003391,U001612,97.78,paid,2026-05-21
RF001170,U001673,U003652,201.8,paid,2026-02-27
RF001171,U003631,U001636,66.6,paid,2026-02-27
RF001172,U004149,U007356,129.76,paid,2026-03-22
RF001173,U002981,U006573,149.09,paid,2025-11-24
RF001174,U006604,U005409,155.46,paid,2026-02-27
RF001175,U001791,U005334,137.2,paid,2026-04-17
RF001176,U003356,U005206,61.58,paid,2025-10-02
RF001177,U006814,U003150,100.77,paid,2026-04-16
RF001178,U004356,U006577,115.33,paid,2026-08-20
RF001179,U004603,U005683,260.47,paid,2026-07-24
RF001180,U006739,U006280,50.53,paid,2026-01-22
RF001181,U006051,U004531,198.85,paid,2025-11-09
RF001182,U005786,U005889,81.91,paid,2025-10-20
RF001183,U007351,U003156,256.71,pending,2026-04-19
RF001184,U004145,U002651,71.92,paid,2025-11-04
RF001185,U007341,U003158,129.07,paid,2026-04-27
RF001186,U006230,U001876,228.9,clawed_back,2026-08-04
RF001187,U001685,U002157,269.15,paid,2025-10-17
RF001188,U003872,U001917,209.87,paid,2026-01-10
RF001189,U006933,U006816,84.03,paid,2025-12-28
RF001190,U006077,U005484,288.41,paid,2026-02-22
RF001191,U006820,U003488,126.42,clawed_back,2026-04-27
RF001192,U005096,U005545,88.53,paid,2026-02-06
RF001193,U004619,U006483,244.66,pending,2026-04-05
RF001194,U006354,U003307,175.69,paid,2026-01-27
RF001195,U006122,U006129,209.09,pending,2026-05-01
RF001196,U006617,U002116,289.2,pending,2026-08-07
RF001197,U005426,U003477,214.99,paid,2026-03-19
RF001198,U003101,U006920,247.94,pending,2025-12-25
RF001199,U006921,U002051,90.28,pending,2026-01-31
RF001200,U002350,U005246,172.58,paid,2026-07-06
RF001201,U006780,U001540,59.39,paid,2026-04-03
RF001202,U003285,U006679,135.89,paid,2026-08-23
RF001203,U006677,U005448,72.34,paid,2025-12-08
RF001204,U007446,U004808,155.58,paid,2026-01-29
RF001205,U005756,U003912,224.06,paid,2026-08-23
RF001206,U005713,U004984,127.54,paid,2025-09-22
RF001207,U005103,U003722,88.39,paid,2026-05-24
RF001208,U003131,U002804,72.02,paid,2026-06-13
RF001209,U003972,U001708,178.55,paid,2026-03-10
RF001210,U006700,U003032,135.99,pending,2026-07-21
RF001211,U007203,U007215,156.95,paid,2026-01-24
RF001212,U002755,U002137,160.4,paid,2025-12-24
RF001213,U004818,U004805,53.8,paid,2026-06-15
RF001214,U004125,U002126,289.72,paid,2026-01-16
RF001215,U004270,U001709,83.19,paid,2026-04-14
RF001216,U005774,U001857,290.2,paid,2026-03-14
RF001217,U004763,U006621,272.4,paid,2026-08-17
RF001218,U004456,U002163,155.23,paid,2026-01-26
RF001219,U006972,U004658,232.6,paid,2026-06-15
RF001220,U006854,U004644,81.73,paid,2025-10-12
RF001221,U005577,U003507,264.83,paid,2026-06-18
RF001222,U006148,U002659,64.84,paid,2026-05-15
RF001223,U001512,U005110,53.2,paid,2026-01-23
RF001224,U002387,U002381,131.19,paid,2026-03-16
RF001225,U002035,U005998,231.71,paid,2025-12-18
RF001226,U003434,U005606,221.23,paid,2026-07-18
RF001227,U002400,U003572,194.61,paid,2026-01-07
RF001228,U003842,U003097,275.11,paid,2026-06-12
RF001229,U005733,U003559,92.65,paid,2026-07-23
RF001230,U007066,U006412,291.97,pending,2025-10-18
RF001231,U007486,U006466,171.52,paid,2026-06-18
RF001232,U006143,U003618,51.02,paid,2025-12-19
RF001233,U005488,U006191,107.73,paid,2026-07-03
RF001234,U001824,U003226,84.45,paid,2026-08-15
RF001235,U003658,U004509,134.0,paid,2026-05-19
RF001236,U003463,U003747,121.15,paid,2026-01-22
RF001237,U002844,U004767,203.89,paid,2026-02-13
RF001238,U002510,U005355,256.07,pending,2026-05-17
RF001239,U003702,U003524,274.02,paid,2026-05-12
RF001240,U006543,U003252,117.11,paid,2026-06-23
RF001241,U002910,U004328,102.3,paid,2025-10-06
RF001242,U002412,U004717,169.16,clawed_back,2025-12-04
RF001243,U007358,U006082,286.14,pending,2026-07-08
RF001244,U004180,U004156,131.19,clawed_back,2026-08-03
RF001245,U003097,U005129,133.96,paid,2026-06-24
RF001246,U002174,U006698,160.43,clawed_back,2026-06-29
RF001247,U007241,U001815,282.4,paid,2026-07-19
RF001248,U006476,U002129,206.7,paid,2025-11-18
RF001249,U007417,U006437,211.08,paid,2026-07-25
RF001250,U004686,U002743,60.67,paid,2026-08-03
RF001251,U001976,U002248,256.55,pending,2026-06-29
RF001252,U005806,U003690,107.08,paid,2025-11-12
RF001253,U006590,U007267,130.5,paid,2026-04-14
RF001254,U001880,U005936,167.77,pending,2026-03-06
RF001255,U004873,U006357,208.63,paid,2026-08-19
RF001256,U002869,U003104,57.15,paid,2026-03-08
RF001257,U006193,U003371,213.6,clawed_back,2026-06-26
