user_id,signup_date,phone_number,delivery_address_hash,home_pincode
C000001,2026-03-01,+918970433,addr_dourgkwumrd6,290842
C000002,2026-08-12,+918970433,addr_4wr357d7maup,290842
C000003,2026-03-02,+918970433,addr_46wpz088o1ck,290842
C000004,2025-11-29,+918970433,addr_bvh7conmoqzs,290842
C000005,2025-12-20,+918970433,addr_ab4abobbam81,290842
C000006,2025-11-12,+918970433,addr_k6macxbgp4x0,290842
C000007,2026-05-15,+918970433,addr_x2e8btxhz0u4,290842
C000008,2025-11-28,+912017562,addr_0wlsupgg9bht,357577
C000009,2026-02-17,+912017562,addr_0wlsupgg9bht,357577
C000010,2025-11-22,+912017562,addr_0wlsupgg9bht,357577
C000011,2026-01-26,+912017562,addr_0wlsupgg9bht,357577
C000012,2025-09-15,+912017562,addr_0wlsupgg9bht,357577
C000013,2026-05-06,+912017562,addr_0wlsupgg9bht,357577
C000014,2025-12-11,+912017562,addr_0wlsupgg9bht,357577
C000015,2026-06-10,+912017562,addr_0wlsupgg9bht,357577
C000016,2026-04-01,+912017562,addr_0wlsupgg9bht,357577
C000017,2025-09-05,+911993041,addr_dtylsy67p5jz,329219
C000018,2026-05-10,+911993041,addr_tu1mk1nkz972,329219
C000019,2025-11-06,+911993041,addr_zp1t7cvrlp8q,329219
C000020,2026-05-27,+911940469,addr_6bhdsf89gol5,557834
C000021,2026-01-04,+911940469,addr_6bhdsf89gol5,557834
C000022,2026-08-11,+911940469,addr_6bhdsf89gol5,557834
C000023,2026-02-11,+911940469,addr_6bhdsf89gol5,557834
C000024,2025-12-11,+911940469,addr_6bhdsf89gol5,557834
C000025,2025-09-04,+911940469,addr_6bhdsf89gol5,557834
C000026,2025-09-24,+911940469,addr_6bhdsf89gol5,557834
C000027,2025-09-04,+911940469,addr_6bhdsf89gol5,557834
C000028,2026-05-11,+919668121,addr_ygyo29ycxo5k,496686
C000029,2025-12-01,+919668121,addr_ygyo29ycxo5k,496686
C000030,2026-04-29,+919668121,addr_ygyo29ycxo5k,496686
C000031,2026-08-17,+919668121,addr_ygyo29ycxo5k,496686
C000032,2025-12-26,+919668121,addr_ygyo29ycxo5k,496686
C000033,2026-01-19,+919668121,addr_ygyo29ycxo5k,496686
C000034,2026-06-04,+919668121,addr_ygyo29ycxo5k,496686
C000035,2026-01-20,+919668121,addr_ygyo29ycxo5k,496686
C000036,2026-08-20,+916433788,addr_4t0ocqyj1wx6,828430
C000037,2025-11-06,+916433788,addr_4t0ocqyj1wx6,828430
C000038,2026-03-05,+916433788,addr_4t0ocqyj1wx6,828430
C000039,2026-08-20,+916433788,addr_4t0ocqyj1wx6,828430
C000040,2026-07-08,+919206427981,addr_68cpm34hdh44,889661
C000041,2025-09-07,+917904309746,addr_68cpm34hdh44,889661
C000042,2026-06-04,+916206197146,addr_68cpm34hdh44,889661
C000043,2025-11-05,+918309591799,addr_68cpm34hdh44,889661
C000044,2026-05-08,+918253640033,addr_68cpm34hdh44,889661
C000045,2025-09-06,+919008600915,addr_68cpm34hdh44,889661
C000046,2026-01-22,+914596276,addr_6oxywfr4in3o,889925
C000047,2026-05-17,+914596276,addr_8a0qnxk1g4u8,889925
C000048,2025-11-20,+914596276,addr_9p3wk2v7v3mc,889925
C000049,2026-02-03,+914596276,addr_2t0z0a8jtbj5,889925
C000050,2026-04-10,+914596276,addr_bf8ytej1u1fa,889925
C000051,2025-09-12,+914596276,addr_fan28vw2bhxx,889925
C000052,2026-04-28,+914596276,addr_yiihopx11f9x,889925
C000053,2026-07-25,+910131264,addr_ed7x6rgx18ee,121749
C000054,2026-01-13,+910131264,addr_7smfyyg68qt5,121749
C000055,2025-09-16,+910131264,addr_f67aloxaeoqu,121749
C000056,2026-06-29,+919218707,addr_3g7rgdu8heae,514438
C000057,2025-11-05,+919218707,addr_3g7rgdu8heae,514438
C000058,2026-07-11,+919218707,addr_3g7rgdu8heae,514438
C000059,2025-11-05,+919218707,addr_3g7rgdu8heae,514438
C000060,2026-06-15,+919218707,addr_3g7rgdu8heae,514438
C000061,2025-09-16,+919218707,addr_3g7rgdu8heae,514438
C000062,2026-01-10,+919218707,addr_3g7rgdu8heae,514438
C000063,2025-12-24,+919218707,addr_3g7rgdu8heae,514438
C000064,2026-06-02,+919218707,addr_3g7rgdu8heae,514438
C000065,2026-07-05,+918061120484,addr_zwyk8933nqwh,804946
C000066,2026-03-08,+916716100888,addr_zwyk8933nqwh,804946
C000067,2026-03-05,+918795322416,addr_zwyk8933nqwh,804946
C000068,2025-09-01,+918608624115,addr_zwyk8933nqwh,804946
C000069,2025-12-20,+917404408967,addr_zwyk8933nqwh,804946
C000070,2026-04-13,+919840272586,addr_zwyk8933nqwh,804946
C000071,2026-03-13,+916469479418,addr_zwyk8933nqwh,804946
C000072,2025-09-14,+917481677701,addr_zwyk8933nqwh,804946
C000073,2026-04-23,+918205387626,addr_zwyk8933nqwh,804946
C000074,2026-03-15,+919351078595,addr_kl3l5ccgzji4,552843
C000075,2026-05-24,+919519780956,addr_kl3l5ccgzji4,552843
C000076,2026-01-18,+916439136707,addr_kl3l5ccgzji4,552843
C000077,2025-10-11,+917944183044,addr_kl3l5ccgzji4,552843
C000078,2025-09-04,+919968785105,addr_kl3l5ccgzji4,552843
C000079,2026-07-02,+917073733262,addr_kl3l5ccgzji4,552843
C000080,2026-02-16,+918421823860,addr_kl3l5ccgzji4,552843
C000081,2026-03-17,+916925523487,addr_kl3l5ccgzji4,552843
C000082,2026-02-14,+916674144304,addr_dx9s72hwm1fr,186692
C000083,2026-06-16,+918655474646,addr_dx9s72hwm1fr,186692
C000084,2025-09-29,+917657185822,addr_dx9s72hwm1fr,186692
C000085,2025-09-03,+919630574877,addr_dx9s72hwm1fr,186692
C000086,2026-05-19,+919130614013,addr_dx9s72hwm1fr,186692
C000087,2026-01-18,+916137624721,addr_dx9s72hwm1fr,186692
C000088,2025-12-23,+917035999451,addr_dx9s72hwm1fr,186692
C000089,2026-08-07,+917314976405,addr_dx9s72hwm1fr,186692
C000090,2026-02-17,+916104525132,addr_dx9s72hwm1fr,186692
C000091,2026-02-04,+918761707093,addr_dx9s72hwm1fr,186692
C000092,2026-02-28,+919313271593,addr_hdrhv58jcdbz,159221
C000093,2026-05-09,+918225122807,addr_hdrhv58jcdbz,159221
C000094,2026-05-19,+919020219151,addr_hdrhv58jcdbz,159221
C000095,2025-10-16,+916102962650,addr_hdrhv58jcdbz,159221
C000096,2026-05-24,+918852548993,addr_hdrhv58jcdbz,159221
C000097,2025-09-04,+918642303781,addr_hdrhv58jcdbz,159221
C000098,2026-06-03,+917852592514,addr_hdrhv58jcdbz,159221
C000099,2026-06-12,+916561091184,addr_hdrhv58jcdbz,159221
C000100,2026-06-05,+918862071642,addr_hdrhv58jcdbz,159221
C000101,2025-09-30,+918917016798,addr_hdrhv58jcdbz,159221
C000102,2026-01-22,+916676505315,addr_hdrhv58jcdbz,159221
C000103,2026-05-31,+918590446227,addr_hdrhv58jcdbz,159221
C000104,2025-11-10,+916316615216,addr_hdrhv58jcdbz,159221
C000105,2025-09-07,+916448578078,addr_hdrhv58jcdbz,159221
C000106,2026-02-03,+919453478679,addr_hdrhv58jcdbz,159221
C000107,2026-06-20,+919619709612,addr_buo0ek2cwyzf,440393
C000108,2026-07-13,+919612597248,addr_buo0ek2cwyzf,440393
C000109,2026-02-20,+917916079709,addr_buo0ek2cwyzf,440393
C000110,2026-03-19,+919950485401,addr_buo0ek2cwyzf,440393
C000111,2026-08-10,+918660529290,addr_buo0ek2cwyzf,440393
C000112,2026-06-26,+919361855368,addr_buo0ek2cwyzf,440393
C000113,2026-06-01,+917749429597,addr_zy4luauviadp,161343
C000114,2026-01-08,+917807565851,addr_zy4luauviadp,161343
C000115,2025-12-12,+917250688320,addr_zy4luauviadp,161343
C000116,2025-12-18,+918374435806,addr_zy4luauviadp,161343
C000117,2026-05-21,+918528024053,addr_zy4luauviadp,161343
C000118,2025-10-01,+919372697386,addr_zy4luauviadp,161343
C000119,2025-09-20,+916505504409,addr_zy4luauviadp,161343
C000120,2026-06-18,+919492164291,addr_zy4luauviadp,161343
C000121,2026-07-24,+916363510084,addr_zy4luauviadp,161343
C000122,2026-02-04,+918831918973,addr_zy4luauviadp,161343
C000123,2026-06-17,+916410677949,addr_zy4luauviadp,161343
C000124,2025-09-27,+916189236688,addr_zy4luauviadp,161343
C000125,2025-12-05,+916451750421,addr_zy4luauviadp,161343
C000126,2026-07-01,+916909677187,addr_zy4luauviadp,161343
C000127,2026-05-11,+917467180032,addr_zy4luauviadp,161343
C000128,2025-11-04,+916382986922,addr_e5fajzj6t0dy,135834
C000129,2026-01-29,+917042203163,addr_hyoand15uzsf,127839
C000130,2026-02-26,+918952528076,addr_slpjt4e171af,841873
C000131,2026-01-30,+916990679635,addr_1mq7ogznck6h,237820
C000132,2025-11-18,+919931538257,addr_1chk91akpqa0,377657
C000133,2026-02-24,+916081782701,addr_tmokom590kos,214523
C000134,2025-12-30,+917911635274,addr_3qn7sqk31wen,835254
C000135,2026-08-20,+919578599960,addr_f4vfgn7sbyx2,622796
C000136,2026-05-16,+917437031853,addr_04z52tarudf6,576161
C000137,2025-09-13,+918977589494,addr_4rl2tai7w277,343705
C000138,2026-01-05,+917766632401,addr_dwheqzjbk2pw,247088
C000139,2025-10-22,+916815672149,addr_9neel1o5ivl3,434227
C000140,2026-08-03,+918583391650,addr_qz81ug5jvy3t,157950
C000141,2025-10-27,+918246231495,addr_49wlofqh4ylu,816859
C000142,2025-09-16,+918895898004,addr_gwuvp1mjckr2,869308
C000143,2026-08-03,+919692112390,addr_ulvv3agekrav,366224
C000144,2025-10-11,+916674003872,addr_ewmdajrnphrr,308783
C000145,2026-02-17,+917581942995,addr_cwu10hhhi06n,354026
C000146,2026-04-28,+917533763655,addr_5e8ooqbri56f,643692
C000147,2025-10-04,+916599272400,addr_o9toku5ipc1l,682097
C000148,2026-04-07,+917184493228,addr_osue8nr07x1a,765108
C000149,2025-09-10,+917402213172,addr_nfqs2ynu2osw,809078
C000150,2026-01-29,+916736502674,addr_g3gpi8qswaam,701846
C000151,2025-11-22,+918742237161,addr_ge8bkiqcdbtw,113582
C000152,2025-12-27,+919147031372,addr_9xux4u23aidg,898606
C000153,2025-11-30,+918915906057,addr_ys5nr0qpq14k,695163
C000154,2026-07-16,+918735282458,addr_s430k4a0us1w,895569
C000155,2026-06-20,+917132084077,addr_wa187t5vniy7,814864
C000156,2026-08-09,+918132196087,addr_hh45yxq6mxzu,309341
C000157,2025-11-20,+917162085291,addr_hvp2k1y7i5vx,753972
C000158,2026-05-08,+919234291072,addr_uchz621jbxw0,408480
C000159,2026-04-30,+918841499210,addr_p9v8xh5e129z,616280
C000160,2026-02-19,+919453056997,addr_yd9azqswvgd8,195422
C000161,2025-12-12,+916535345696,addr_aodathk51inv,825273
C000162,2026-07-09,+919321942022,addr_92dxbx8fk4ye,531372
C000163,2026-01-14,+916496315899,addr_119j1avhopys,668888
C000164,2025-10-27,+919843517032,addr_dlahf0oqh5pj,657976
C000165,2026-01-16,+919920531856,addr_pr0u0gkcaoqc,733008
C000166,2025-11-01,+916668049344,addr_hmdniwtx2m7f,786594
C000167,2025-12-12,+916870694186,addr_hp4z0tkh8al0,192203
C000168,2025-10-31,+918721007734,addr_l4jvn6ivxw26,714253
C000169,2026-06-28,+918044642235,addr_q3x29mre5jyl,599441
C000170,2025-09-03,+918713674646,addr_wf40i51pn5ad,336613
C000171,2025-11-29,+918787452261,addr_fqhh5ya199b4,180991
C000172,2026-03-24,+918921366817,addr_5kdreehl0k3o,274215
C000173,2026-01-11,+916933191205,addr_p3cizhxh36fp,194583
C000174,2026-05-31,+919972127422,addr_j763lrtjda8m,244149
C000175,2026-01-12,+918481902067,addr_ot1hp8mznkpq,857517
C000176,2025-12-21,+916039173426,addr_h70xz37ezfet,865442
C000177,2026-03-14,+918403847131,addr_jszcoedvb9dp,304231
C000178,2025-09-07,+917650905918,addr_jwyla8x7g2ha,506313
C000179,2026-04-03,+916229948471,addr_9egd4iwfnjuh,341128
C000180,2025-12-02,+919831363406,addr_a5wvh6dhkjf2,313632
C000181,2025-12-03,+918198275948,addr_iwn7fpfrdcqz,894955
C000182,2026-04-22,+917253353550,addr_ezlapriyn57m,159942
C000183,2026-01-14,+917372485149,addr_s9mioe7spdbo,569211
C000184,2026-05-30,+917876525469,addr_834ircsrzrqo,345177
C000185,2026-05-06,+918127324979,addr_zvomo15r0830,437549
C000186,2026-05-19,+918067701662,addr_a2kfoiethyn9,304599
C000187,2026-05-05,+916825998861,addr_xii861a3qhct,401341
C000188,2025-12-28,+916922852690,addr_mom617vh37xf,735373
C000189,2025-12-21,+916550922609,addr_cbt4h2kn3sdv,112220
C000190,2025-12-19,+919259552966,addr_mlv37m7hr8cc,786497
C000191,2026-04-07,+918602374375,addr_98iiklmftnuq,293829
C000192,2026-05-06,+917685461720,addr_2tka8as88dof,234335
C000193,2026-03-09,+917550087052,addr_3trd74qo9501,391171
C000194,2025-09-11,+919640903777,addr_ppsayets4j8t,159929
C000195,2026-06-03,+916354786481,addr_e6egjnsp0usu,834009
C000196,2025-12-25,+919101860853,addr_0bg1z3dzecxn,338036
C000197,2025-11-07,+918744530162,addr_ins03g9a4rha,395862
C000198,2026-06-02,+918486827383,addr_lia72xpfp6go,156734
C000199,2026-02-11,+916325300746,addr_mc610z7at52t,899217
C000200,2026-02-23,+916580165695,addr_2r82fa4yrn0n,732256
C000201,2026-05-18,+917942767764,addr_mgvfn99w3uog,792242
C000202,2026-06-25,+916701573100,addr_0x2th32srdqt,550789
C000203,2026-02-13,+916014012752,addr_vp6jrn87od15,531173
C000204,2026-04-05,+919401134736,addr_w7ifxsj82frq,313682
C000205,2026-06-21,+918372623752,addr_9mqeh298lel0,197834
C000206,2026-04-10,+918212358487,addr_nuqu5na5uwot,162388
C000207,2026-05-13,+916017477115,addr_qtz5n2akf72a,370913
C000208,2026-01-19,+918150082329,addr_ztnu6ff2gcsn,708264
C000209,2026-04-07,+918294990925,addr_07c4cohibpea,546199
C000210,2026-05-08,+916935539235,addr_8wi488a675qe,311342
C000211,2025-12-03,+918701649465,addr_jtjptv5uxb81,760449
C000212,2026-08-02,+916302715520,addr_3jbhqvve8st6,558266
C000213,2026-01-14,+916206302837,addr_malt4vpm1drj,662145
C000214,2026-04-13,+917784140871,addr_0lkps8z5zzk8,621057
C000215,2026-08-04,+918813607115,addr_eo7yq07cdxeq,378859
C000216,2025-12-06,+917876215747,addr_4hialr9y8ymz,144399
C000217,2026-04-25,+918827610314,addr_ol0j5t8x385k,877369
C000218,2026-03-18,+917920219915,addr_o4hu0vqqwelr,555408
C000219,2025-11-14,+917598882128,addr_a4h5q0fb0nfe,742115
C000220,2026-01-11,+916290196460,addr_rpq5fvikc6dt,728959
C000221,2026-06-13,+919744948556,addr_cglg5e2ts3um,635595
C000222,2025-10-25,+917399696959,addr_5qp61l8qnws3,663072
C000223,2026-06-17,+916229044180,addr_xxhw0a0y7el1,805849
C000224,2026-04-12,+918110792197,addr_jk1p6lxn3zax,553966
C000225,2026-03-01,+919738972509,addr_48wqztofzn9q,275596
C000226,2026-03-26,+917671429269,addr_09w1w1sk1s2i,571879
C000227,2026-02-26,+917508198510,addr_ew4qt73nggf3,756872
C000228,2026-07-15,+918803099258,addr_ni9z5le41oao,765282
C000229,2025-10-15,+917482143870,addr_6obh0aoz5ttm,360234
C000230,2026-03-10,+916452951054,addr_fdgxmdk7yz89,339513
C000231,2026-07-27,+916925982503,addr_0isiqa78lxam,779993
C000232,2026-07-04,+919975443839,addr_652sevgvq2cu,676226
C000233,2026-05-12,+919667027506,addr_if2yib32b0kt,393619
C000234,2025-09-23,+918468621412,addr_w3jr42liznmz,266752
C000235,2026-02-27,+916039795351,addr_ebnx5rp6tjig,528970
C000236,2025-10-20,+917402855881,addr_sqfngd3u0695,269032
C000237,2026-03-09,+918243420993,addr_kh7rxirp9kn0,506618
C000238,2026-04-04,+919094472438,addr_ks8pvhn2jknz,187357
C000239,2026-01-03,+916404372791,addr_d8b110zf0kfm,794479
C000240,2026-06-27,+917596075024,addr_yfce329io4jt,209405
C000241,2025-11-13,+919115264894,addr_2bqg5ab9vlaz,158192
C000242,2026-05-18,+916946452604,addr_k0ppvh1kdklc,172337
C000243,2025-12-12,+919812081613,addr_rxqi8zhgh5w3,159597
C000244,2025-10-25,+919091217394,addr_2rl55r07l19f,448345
C000245,2025-11-16,+918297954733,addr_ysd5bxpx1hf5,565576
C000246,2026-04-03,+919785822291,addr_p0lqkm4fpts8,767338
C000247,2026-04-25,+917877705487,addr_zjh70sq7bu8p,893695
C000248,2025-09-09,+919437447405,addr_42xw1mw0q03i,311857
C000249,2026-01-15,+916748637005,addr_bb6jkavxm3cg,190451
C000250,2025-11-08,+919139371222,addr_ksve37ehhqpe,753687
C000251,2026-05-24,+919540157940,addr_ria4jvq0v1xt,864341
C000252,2025-12-24,+916095891838,addr_j31le8rzzsxs,350251
C000253,2026-04-02,+918008921013,addr_otjyobo6xqz1,450082
C000254,2026-04-30,+919029058172,addr_6n9pkqrrd3dx,200264
C000255,2025-09-24,+916248209529,addr_erz2b6okz8g2,428749
C000256,2026-04-25,+917965412332,addr_oxslrhfyh12o,647331
C000257,2026-04-21,+919102588414,addr_l8gfdpc65d9y,865014
C000258,2026-07-31,+917251709836,addr_u3dak9fszm1w,699881
C000259,2025-11-22,+918217498225,addr_lu0zlctx2xxt,814544
C000260,2026-01-22,+918533966626,addr_16eeoiseou08,606376
C000261,2026-02-06,+917225607540,addr_4cku4pugpzb1,516072
C000262,2025-12-12,+919929441234,addr_ru2ym7yity2p,545047
C000263,2025-12-18,+917141854804,addr_q5ctds84j6it,101956
C000264,2026-03-08,+917528023053,addr_12nwv6hiuiow,130656
C000265,2026-01-09,+916320091877,addr_8vr8kj1hwc7q,719181
C000266,2025-09-03,+918382210792,addr_2ifi5q4k85w3,529037
C000267,2026-05-29,+916231341752,addr_xwnsxgcqauax,558438
C000268,2026-03-22,+917267358391,addr_ntxxinvcfzcv,448634
C000269,2026-04-13,+918955287584,addr_2ak2lwpzswzy,211426
C000270,2026-04-23,+919068966599,addr_k0nrow6109sw,846242
C000271,2026-08-15,+919210977770,addr_37mju6f0qawt,341428
C000272,2026-04-08,+917858317457,addr_1vht5xso1qqe,331334
C000273,2026-02-04,+916450976385,addr_5frsduu2phxj,546028
C000274,2025-10-26,+917154640353,addr_7klc726jeuj1,193683
C000275,2026-08-02,+918950108783,addr_4fjk20xjy6bt,218532
C000276,2026-02-25,+916868606964,addr_c9mekvj9exaa,619842
C000277,2026-08-16,+919528675642,addr_5z813d8ddmhm,839445
C000278,2026-01-30,+918780397530,addr_80gilwa1d2l3,308774
C000279,2026-05-22,+919272278873,addr_g2jvg0pc0u7b,300915
C000280,2026-02-27,+918746018226,addr_b0f9r9g66egf,291236
C000281,2026-05-25,+917487346748,addr_f5bzi14xdcip,144681
C000282,2025-10-10,+918489887103,addr_hb4qwuac1mqs,476459
C000283,2026-02-25,+918169828786,addr_m1stw8hnhto1,834286
C000284,2026-07-31,+917813612415,addr_sc3z0h2mzswf,403127
C000285,2026-04-26,+916522715881,addr_953eeflrmd4h,622417
C000286,2026-06-02,+916822195134,addr_8r9gjejobi3n,833257
C000287,2025-09-01,+919766631397,addr_xqf1le0sqc9r,542383
C000288,2025-12-13,+917029859057,addr_hmaw6uxl1adl,304562
C000289,2026-01-16,+918556747129,addr_50gel08mxfih,569750
C000290,2026-03-01,+918099395034,addr_a8s25hud4xyy,749766
C000291,2026-02-27,+917359217668,addr_pd2zccuhzbiz,170103
C000292,2025-09-25,+919302964496,addr_33uffcar2tay,567351
C000293,2026-04-07,+918858409728,addr_jtnl8drciqtr,638870
C000294,2026-02-22,+919569012841,addr_jobdcw709vil,453263
C000295,2026-04-18,+918745555892,addr_pj9i8re1c7cw,721146
C000296,2026-05-15,+918887193042,addr_u3wjtvs5gpw1,610482
C000297,2026-08-19,+916896996047,addr_gurr5u7n42bs,697332
C000298,2026-01-08,+917831061605,addr_8dq55e787rr8,843004
C000299,2026-04-07,+917570086663,addr_rlojsuci0byw,240087
C000300,2025-12-19,+919471419440,addr_o28z53ygsz67,474622
C000301,2026-06-02,+917675067187,addr_yy0xjwza5b90,285966
C000302,2026-07-14,+918427241392,addr_x7gpbkrl3jrx,712670
C000303,2026-06-06,+917637126208,addr_560jbiutzh6u,786296
C000304,2026-03-16,+916834530474,addr_niyvgwvtiy56,296373
C000305,2026-01-04,+916706017337,addr_sfh3fvv2gkmy,522929
C000306,2025-11-09,+918216041356,addr_pfboj1dbm33s,632712
C000307,2025-10-30,+917238839919,addr_m4y0geonmi17,381538
C000308,2026-07-10,+917039042693,addr_8s73j60nenli,262981
C000309,2026-07-04,+918003382556,addr_i42rcxuri71z,224578
C000310,2025-10-29,+919658138532,addr_ldwzw1j6hcpf,115477
C000311,2026-01-11,+919033846557,addr_8cn80rfie246,373574
C000312,2026-08-14,+916138339717,addr_ucwxdsudyfgv,367439
C000313,2025-11-26,+917584347541,addr_mijgub56jdgh,478142
C000314,2026-06-21,+917142556910,addr_p9tqp17q3q9b,615394
C000315,2025-10-06,+919196078720,addr_9ophcq5qe3f7,816036
C000316,2026-01-15,+917571339326,addr_fdyvurzd785x,372943
C000317,2026-02-08,+919155326157,addr_iruc4mpglzad,568388
C000318,2025-09-23,+917393492876,addr_5ue5fp0jeyhl,655316
C000319,2026-04-15,+916432544496,addr_0uxn9v5j6w25,583835
C000320,2026-05-14,+916167438165,addr_0y1sjf12d0gt,281857
C000321,2026-05-29,+917469211654,addr_jipw3v9tnz40,281447
C000322,2026-04-23,+918399206988,addr_le4qodnbvb5v,745380
C000323,2026-06-18,+917882204484,addr_lbdkv6dup85f,591644
C000324,2025-10-22,+917925577685,addr_je9bj5zlsooo,265223
C000325,2026-01-12,+917392546454,addr_qiyane231cs8,227079
C000326,2025-09-18,+916730894443,addr_m6z6spmqge1j,464174
C000327,2025-10-02,+916341701275,addr_xto696r8mtz7,782846
C000328,2026-04-30,+918632615938,addr_k676sy0efx2j,733805
C000329,2025-10-31,+916920336540,addr_iyyjc6eayj15,770616
C000330,2025-12-21,+919323480804,addr_mztnamlb1hti,869203
C000331,2026-02-15,+916915474198,addr_d1jxiehq6fbf,789146
C000332,2026-04-16,+919680791033,addr_dachjz2ndzax,654195
C000333,2026-03-28,+918634127038,addr_e6n7rxoxyq0c,345819
C000334,2026-04-18,+918144754332,addr_m5whrnrhxz9c,701964
C000335,2025-11-04,+919728425692,addr_5bkgoq3fcodb,843010
C000336,2026-03-06,+917468760500,addr_asma8fpb06tl,192916
C000337,2025-09-12,+916970475526,addr_8ihgpr1izz7u,791184
C000338,2026-04-13,+918524148331,addr_25vi91vc6b9p,642651
C000339,2026-08-23,+918092558823,addr_jeyg9k1s5ow2,399899
C000340,2026-07-27,+918693167136,addr_bqxgjyim5835,807964
C000341,2026-08-27,+916144463977,addr_xlj88anckkbc,699053
C000342,2026-03-10,+916891612247,addr_qylkyq38q1sz,571695
C000343,2026-04-05,+918799004798,addr_f8q66kdtevwq,769018
C000344,2026-03-13,+916481518986,addr_hz3ati7plaxm,685020
C000345,2026-08-02,+918338995824,addr_252e2d0a5kk8,133867
C000346,2026-05-23,+917729036102,addr_kf9wzabwz5qe,195286
C000347,2025-12-07,+919692133573,addr_kavhc9xvu8b0,848911
C000348,2026-04-19,+918696529737,addr_ukxxrdqv45py,853736
C000349,2025-12-15,+919370245213,addr_a1o231n0ixyj,147312
C000350,2026-06-14,+919338486734,addr_ejhx97lrebvy,252999
C000351,2026-08-14,+917630282863,addr_0oxal28ue6tq,332037
C000352,2026-07-02,+919922040937,addr_i4el22nfftux,868083
C000353,2026-01-06,+919102726521,addr_lv52xgej164q,480808
C000354,2026-03-30,+916836823858,addr_kh4fr80f6mvv,390640
C000355,2026-02-02,+918125720749,addr_cfs7u0x8t7cp,443716
C000356,2026-06-23,+916348239037,addr_6z12xz17vc2l,290085
C000357,2025-11-09,+919308250148,addr_pr02ojai4zd2,125130
C000358,2026-02-24,+918372629744,addr_si44y3nxm19i,482377
C000359,2026-08-08,+919238214340,addr_po166hn1yvt2,208688
C000360,2026-03-09,+919299238115,addr_x4e5ogkfsqgz,169626
C000361,2025-10-31,+917273593824,addr_yo705t33tgd4,553710
C000362,2026-01-22,+919780848073,addr_o4s9q1084jkj,624593
C000363,2026-08-18,+916636679105,addr_9o1xyb2au2md,180548
C000364,2026-05-15,+917466546020,addr_z1klhenfqds4,519185
C000365,2026-06-06,+917219292564,addr_u0lbjkhrgcjq,145447
C000366,2026-08-24,+919272653977,addr_eo2gzy7ac2uu,251029
C000367,2025-11-15,+917270998316,addr_68dwh6ojtk08,293042
C000368,2026-05-06,+917645092315,addr_ssy5gp7x2r3l,770779
C000369,2026-04-18,+919168568125,addr_we8y4l2jyf3t,501987
C000370,2025-11-13,+918876349943,addr_s8z8yrfl3mtl,740383
C000371,2026-04-20,+918682457001,addr_hov5delbkbgv,684787
C000372,2026-07-18,+917806704283,addr_93viqtk37hma,653469
C000373,2025-10-24,+919478338195,addr_eltzfs59q9bd,316965
C000374,2026-03-20,+919996345541,addr_h9jhycmucug1,576896
C000375,2026-03-05,+917741095629,addr_9sy89hsd7vss,712680
C000376,2026-07-08,+917947786105,addr_t84vpms5hbqm,666828
C000377,2026-03-02,+918644647549,addr_r7yu8okx2027,888216
C000378,2026-06-02,+917324789734,addr_r8cro3omcfc3,858669
C000379,2026-06-25,+918927191218,addr_oxc8refb8w1k,356361
C000380,2026-04-04,+919805388796,addr_d0j3zyzok54n,308261
C000381,2026-02-10,+916789016954,addr_d3kod6kwkq1d,413215
C000382,2026-08-24,+919133749232,addr_jfgut97nv5c5,632871
C000383,2026-02-03,+917452391174,addr_quimtn8y2ep3,448912
C000384,2025-12-14,+919990141287,addr_09vj6u5c1rbn,157549
C000385,2026-08-13,+919264094230,addr_nwk2vo5jgmhn,102534
C000386,2026-07-19,+916113635633,addr_g17p7o6t13ag,792988
C000387,2025-11-15,+918282961634,addr_oyqg1lgmv5l0,470099
C000388,2025-09-24,+918027548362,addr_zy1yi0nfc1n3,739243
C000389,2026-06-23,+916534451870,addr_317yowpsor4v,825559
C000390,2025-10-09,+916205469669,addr_6h5w39j644xw,359509
C000391,2026-02-12,+917139244587,addr_7z97z39m72pq,215500
C000392,2026-06-27,+919311415753,addr_0ybar6r2secf,427440
C000393,2026-08-11,+919818346417,addr_1d7mtrmpifj7,809738
C000394,2026-04-29,+918633065215,addr_y9vomch7609m,230484
C000395,2026-05-26,+916862360772,addr_gi05nwfjzmgt,513184
C000396,2026-06-18,+919598390411,addr_vpeede9qtwyr,829061
C000397,2026-04-20,+916186582615,addr_xd4iw6nca7so,111936
C000398,2026-07-13,+916257688310,addr_v30a9oc0fidh,459037
C000399,2026-08-16,+917403405480,addr_ci5jyh1n37q3,366026
C000400,2026-03-18,+918136707386,addr_fbo897pcnodn,197954
C000401,2026-08-01,+918226582869,addr_ufitk1c8k545,450341
C000402,2026-06-27,+919199795925,addr_x0unmm598n53,631063
C000403,2026-05-28,+916524531632,addr_wdt0029a7g7o,394992
C000404,2026-04-17,+916019515263,addr_d102zqfqie0e,600408
C000405,2026-01-11,+918584156103,addr_orvditknrahk,239951
C000406,2026-03-23,+918280628669,addr_0nzvlvrrjspm,498878
C000407,2025-12-05,+917468532600,addr_xbqb5yn533kc,593440
C000408,2025-09-30,+916108487982,addr_eagt55moirga,153057
C000409,2025-09-04,+919856785252,addr_rzreal02uvjs,317024
C000410,2025-11-03,+919161705892,addr_a5q2fkaypju3,116895
C000411,2026-08-10,+918010664433,addr_o5m25vlqz44u,442059
C000412,2025-10-20,+917343738706,addr_z5i4bni1xpyd,853131
C000413,2025-10-27,+918392576610,addr_lnmcsqatemq2,318979
C000414,2026-02-07,+916440508377,addr_djevc1ciamd2,498691
C000415,2026-06-05,+917994311590,addr_m2xfh9ph5s68,381125
C000416,2026-03-06,+919934576767,addr_wv4dkqr36oo4,762922
C000417,2026-04-28,+916157135208,addr_nuw01w2yrhel,267473
C000418,2025-12-02,+916973771730,addr_fwu7fpx6na4j,135083
C000419,2025-12-08,+919727879497,addr_zuqapbfaw4gj,561854
C000420,2025-10-15,+919808971421,addr_afoei5h1iln0,668247
C000421,2025-10-04,+919116124358,addr_7iqvygt813u1,757738
C000422,2025-12-23,+917670544698,addr_ww5sfmrubd4f,675839
C000423,2026-07-30,+916648728908,addr_e6j50klg14nz,481088
C000424,2025-10-19,+916803249420,addr_la4majpnd3dx,803049
C000425,2025-10-13,+919973660174,addr_vxgzssqv54oa,107130
C000426,2026-03-27,+919083510214,addr_s6k6e585e430,655980
C000427,2025-09-01,+918669128561,addr_dw5q16n4bnyk,660725
C000428,2026-05-15,+919524278284,addr_yzzcop2mu03a,146640
C000429,2025-12-21,+917090252919,addr_sxzj6ntm1ffm,864268
C000430,2026-05-17,+916521413548,addr_3ngwt703hhr5,279977
C000431,2026-03-20,+918669279697,addr_pkrrrhijqxok,421522
C000432,2026-03-26,+917641915375,addr_0b7qxqh3zuet,385818
C000433,2026-08-26,+917969388011,addr_bc9twwa0mk3t,323565
C000434,2026-06-14,+918896444933,addr_w33tbitp1316,516870
C000435,2026-01-08,+916555214142,addr_9gaq8v1ycixh,545125
C000436,2026-07-07,+918235078452,addr_92095kiy7c90,719725
C000437,2026-07-07,+919357119010,addr_ajx9fcwpynds,186272
C000438,2025-11-08,+919312819910,addr_1wkhsb58mcnu,113414
C000439,2026-05-04,+919717088024,addr_r9orowzjvyse,861267
C000440,2026-05-19,+916338379943,addr_tzyn2jg9japw,295751
C000441,2026-02-18,+917104014820,addr_98oaaevif0kp,359861
C000442,2026-03-20,+917190501713,addr_42w8mgf1k5zp,141810
C000443,2025-12-26,+917813125739,addr_y83fcym5said,524147
C000444,2026-07-08,+919290240641,addr_pbf740awzu6u,801983
C000445,2026-07-20,+916495789960,addr_vxunvyg70xpu,313019
C000446,2025-09-07,+916842342546,addr_2pwysc99ejlr,314563
C000447,2025-10-28,+919102523913,addr_vfqim2iupj4m,115197
C000448,2026-03-13,+918501269014,addr_d2vc90hgll22,312325
C000449,2026-01-17,+916102874297,addr_9es1ybpmlkc8,354783
C000450,2026-01-22,+916198214078,addr_j0kjabrklz85,671033
C000451,2026-07-29,+916486278538,addr_yjjwqoxkezig,661131
C000452,2026-06-03,+917571564300,addr_ck4vfik0e1kd,618907
C000453,2026-04-25,+919488381299,addr_ebrtr897xe8w,512239
C000454,2026-01-18,+918113910082,addr_58ndq7ccirh0,368935
C000455,2025-11-10,+917993922269,addr_gnwyrlz5ne3b,627162
C000456,2026-02-27,+917284200819,addr_io4r84uevgws,815572
C000457,2026-03-29,+918260166908,addr_1gxhx60cksh0,464776
C000458,2026-03-22,+917127131109,addr_nd8dwt3wwpmw,506465
C000459,2026-01-27,+916159199378,addr_5z8teo3lqfsu,446308
C000460,2025-12-27,+917381062411,addr_wpq3suw5ok31,211510
C000461,2026-06-27,+919707226310,addr_ms5lhg28qdbr,886668
C000462,2025-12-12,+919203014047,addr_mufmbetqb2c8,476073
C000463,2025-12-17,+917901140894,addr_0glbe5nf6rwr,632263
C000464,2025-09-11,+918711924409,addr_f1pfe7vsr9p7,215854
C000465,2025-10-14,+917263067559,addr_z3vlonfa4vjf,609138
C000466,2026-03-31,+919084640605,addr_n8fzc29bs4aq,594455
C000467,2026-06-04,+918389676286,addr_0dmvltrqaaxb,830333
C000468,2025-09-08,+919309131902,addr_vuulb91wrmy0,470804
C000469,2026-07-28,+917648478437,addr_a39ley8nzouu,104066
C000470,2025-12-31,+919934939168,addr_gb8gkl9qq9sz,126524
C000471,2026-03-05,+919058066718,addr_jr21utlja4fi,877633
C000472,2025-09-08,+917111951237,addr_24sjn9dgosdu,471108
C000473,2026-05-30,+916054671381,addr_u5c8etejvl2z,575621
C000474,2026-05-04,+919398389596,addr_de0nl4xmhny9,580070
C000475,2025-10-07,+917660605591,addr_a8dwnmn9fyfc,413495
C000476,2026-02-12,+917460769850,addr_8xepea2eos85,345116
C000477,2026-04-15,+918495844863,addr_23kb2pjh9hhx,223442
C000478,2026-05-15,+918873750242,addr_5dosjvaaay6d,364522
C000479,2025-11-20,+917417504249,addr_ipehobfnh46n,829782
C000480,2026-03-11,+919995709582,addr_vlp0vb44qq03,833355
C000481,2026-08-09,+917793688256,addr_d7smbo4imjs7,330170
C000482,2026-03-16,+916373862902,addr_ajm1evdujlej,768910
C000483,2025-11-11,+918269576445,addr_fftl2rjkm25k,758222
C000484,2026-06-07,+919295517561,addr_zri9vnxd8qa9,148363
C000485,2026-08-03,+918763118355,addr_i7eahjfo2ezr,283384
C000486,2025-10-09,+916295749611,addr_wwvidsvve6ql,558346
C000487,2026-05-14,+918512677639,addr_ufhuonvrj2rr,568820
C000488,2025-09-25,+916943674638,addr_35xsfclm9dmr,129535
C000489,2025-09-08,+917148071606,addr_3vwrlm26d3ea,134786
C000490,2025-09-07,+917982926973,addr_9jryhvzazk8p,157453
C000491,2026-05-07,+918762550257,addr_h6ygz37g501h,215953
C000492,2026-04-13,+917018494429,addr_ldtlc7u8m0wm,122479
C000493,2026-02-23,+919276002367,addr_jn3ahomohchb,304498
C000494,2026-03-23,+919954767388,addr_c0yp8lmfrla1,875788
C000495,2025-09-12,+919003964448,addr_td5tbfmqzn7k,497446
C000496,2025-11-02,+918505159313,addr_opv05oxxckxo,514681
C000497,2025-12-19,+917417024858,addr_t2hq1j9an8uy,682473
C000498,2025-12-17,+917232637813,addr_xucm5eo552bu,433081
C000499,2026-03-12,+916812469422,addr_c2tgi7219hj3,500266
C000500,2026-05-21,+919449964523,addr_zgl64cpubtql,877066
C000501,2026-06-27,+916004728210,addr_xt9iofzkox5l,409225
C000502,2026-02-08,+917768500339,addr_z9orzqrdl1gu,797783
C000503,2025-10-16,+917131752827,addr_ytaqvnyxm9ur,833207
C000504,2026-01-20,+919026264444,addr_bjytfshfj99k,346590
C000505,2025-11-13,+919674113560,addr_zrdx309z1bbq,309242
C000506,2025-12-10,+919153864796,addr_s2geulbi6lkg,744947
C000507,2026-07-03,+917600428566,addr_akxe7dzqpmrj,243032
C000508,2026-06-28,+917969104265,addr_cmaeh5e6qzjl,677482
C000509,2025-11-13,+918814809273,addr_0xymrh1ijicv,304245
C000510,2026-02-27,+918327493684,addr_74knpxl6ig2p,138993
C000511,2026-07-22,+916163731206,addr_fg22ddf2d32m,700613
C000512,2026-07-26,+917375466726,addr_teacxqgos00p,117504
C000513,2026-07-13,+916516641062,addr_1fve5a0wfb6i,613727
C000514,2025-12-01,+918476431293,addr_cfg7bki2i7dy,802381
C000515,2026-07-03,+917505851338,addr_iwv7z4qiwyjf,212278
C000516,2025-12-24,+919581589319,addr_xgp1b46bdclx,165934
C000517,2025-12-19,+919514062601,addr_nxibvmz8nucz,447516
C000518,2026-02-25,+917509513954,addr_byq6r4mb5547,400651
C000519,2025-12-08,+916283107678,addr_4ezgrvvl2ire,287223
C000520,2025-09-20,+916946900845,addr_mcw67rclu0c3,333006
C000521,2025-10-18,+916003869135,addr_70auro4ekopr,889635
C000522,2026-05-19,+919096796949,addr_529nkcs77tbo,173897
C000523,2026-05-15,+917956844777,addr_yah0l5kcy27u,775271
C000524,2026-03-14,+916017557587,addr_o14k6tqejzsm,533446
C000525,2026-06-01,+918893239854,addr_8uvwh3d44uh4,703417
C000526,2026-07-14,+919962707004,addr_m9glqy9d3fe1,103618
C000527,2025-10-24,+918044669541,addr_c5hfprgoti7q,464809
C000528,2026-03-02,+918186131107,addr_anay4qrfkz1r,536215
C000529,2026-08-18,+917864460562,addr_r7nwtc6x5juj,817510
C000530,2025-10-04,+919172461773,addr_db25xyatpo3s,213894
C000531,2026-04-21,+919989033471,addr_osadcs3gxi6j,134897
C000532,2026-06-10,+919002396774,addr_66vzpxs9mp2j,515548
C000533,2026-03-09,+919594373595,addr_ctd5zpgkos3r,609145
C000534,2026-05-29,+917403898994,addr_3cv8ei3atsdn,662721
C000535,2025-12-28,+916858916286,addr_iia380ny31jo,894815
C000536,2026-02-10,+916269841583,addr_842tsp13ief2,265586
C000537,2025-10-19,+919797762285,addr_771s9vnsq592,510958
C000538,2026-06-30,+918551794951,addr_gvze4uoirx51,675358
C000539,2026-02-19,+918793989574,addr_6nfso6q95kll,346354
C000540,2026-03-10,+919592315554,addr_qgaw6w87rn88,550516
C000541,2025-09-25,+917148404650,addr_y7506pvg5vqt,663318
C000542,2025-09-26,+919386766528,addr_s6y2yqkstf1t,240075
C000543,2025-09-04,+916645549189,addr_1xkmveosy4ww,807246
C000544,2026-03-15,+918425355162,addr_38uvq67sdxv1,374587
C000545,2025-10-02,+919253276051,addr_xi05oloq35ve,884787
C000546,2026-03-31,+919460570148,addr_yijopg5s9gql,442100
C000547,2026-03-09,+916818243158,addr_nfte7opd1k04,464859
C000548,2025-11-16,+919539813015,addr_u3fy4r64ztc8,784983
C000549,2025-10-24,+917884082793,addr_bmb8h6cf9jtd,786546
C000550,2026-01-19,+919623732729,addr_xitk2ci1udpf,585746
C000551,2025-09-01,+919727040381,addr_pj3t1myk4kx3,766949
C000552,2026-01-21,+919083067258,addr_rapt9l5yy25e,481852
C000553,2026-06-27,+918469683176,addr_4rhygxu422o2,861546
C000554,2026-03-17,+918315829788,addr_bdtm3g8hp7ed,328080
C000555,2026-03-29,+918762786582,addr_4jb76whg7ej6,496924
C000556,2026-08-02,+918547805512,addr_3clqlkcr80pl,382568
C000557,2026-05-15,+918913294410,addr_dxue7guq4ejh,792780
C000558,2025-09-14,+918441267029,addr_c83n4sa43zps,120941
C000559,2025-10-29,+918652403785,addr_spxtmd215kwc,325131
C000560,2025-12-27,+919213755033,addr_risob4pn2in4,257893
C000561,2026-07-10,+919512591057,addr_d1hvuuq5n5m3,356199
C000562,2025-10-21,+917984966628,addr_s7iuexf400op,217443
C000563,2026-05-28,+917588051594,addr_kk4bn5ba94q5,833112
C000564,2025-11-02,+917684832576,addr_6bevcl4g13q4,732563
C000565,2025-12-22,+916427030524,addr_kda6ms3dek3l,665746
C000566,2026-01-31,+918355872502,addr_i53rtqbnsesk,419540
C000567,2025-10-15,+916503103140,addr_0o2g973havcz,426269
C000568,2026-04-21,+918847422949,addr_w6svxbp4a34x,554050
C000569,2026-03-30,+918841725472,addr_x71c0ulbess9,855560
C000570,2026-03-30,+917869033512,addr_0b43wbhk01pr,637429
C000571,2026-05-08,+918886567781,addr_nt8no55xdd2m,244687
C000572,2025-12-05,+916985347152,addr_z5s6ky394i1t,792008
C000573,2026-07-14,+919744174446,addr_5o53fmk2bit8,813870
C000574,2025-09-02,+918202294441,addr_ht2pg8wjre65,450771
C000575,2026-03-03,+918804042518,addr_5i8ltz5c0xzn,602186
C000576,2026-07-10,+918666188635,addr_h97jj0d5n7vg,463080
C000577,2025-11-07,+917561918607,addr_7yxhx9dslosj,461834
C000578,2026-04-28,+917395996816,addr_duoqyh6dbngm,562498
C000579,2026-07-10,+917912312172,addr_o5t8t93b825v,266221
C000580,2026-03-23,+919492132257,addr_s40v2qd7zovw,461328
C000581,2025-10-30,+918582031596,addr_udhcswb6m4xn,603154
C000582,2025-11-11,+916443729219,addr_irkb39d7q7ka,438727
C000583,2026-03-08,+917351627069,addr_rb2xtmla1kyt,569308
C000584,2026-07-06,+917238428779,addr_vj0251vjnk0s,550470
C000585,2026-04-25,+919531066950,addr_0ofp15x49er5,511865
C000586,2026-05-26,+919285324533,addr_4qz6loxrgrxt,389762
C000587,2026-06-26,+917162088512,addr_40zoo4q5yg1e,603204
C000588,2026-07-23,+919845503296,addr_as3e374dfyu1,371073
C000589,2026-06-21,+916556723793,addr_1426p821cpq1,148567
C000590,2026-02-08,+919149064559,addr_4jz9dj7zsd11,686120
C000591,2026-06-20,+918853096179,addr_uirczbmklw5t,245598
C000592,2026-08-22,+918908587846,addr_20czgpgamhz8,265956
C000593,2026-02-01,+918505876073,addr_qitt6q1z1kv1,259109
C000594,2026-02-19,+919826376300,addr_glsxjqgiuhek,623912
C000595,2026-06-02,+917736045803,addr_wfndb15w5wzt,574662
C000596,2026-07-29,+918422902013,addr_alibaf8g1rxm,434521
C000597,2026-02-17,+918240260355,addr_9u0103rszpki,846027
C000598,2026-03-22,+916414535759,addr_6jitfkryzda1,740953
C000599,2025-12-25,+918013052119,addr_jxiae46ulgbw,461079
C000600,2026-06-19,+918778342110,addr_1t96w8u0wo2w,655070
C000601,2026-02-19,+916177663935,addr_97zeu29qc8d2,402405
C000602,2026-08-01,+917506139363,addr_i2h4bv8ilm8r,131585
C000603,2026-05-28,+918882029019,addr_7cgupgoslxg8,131548
C000604,2026-04-15,+919094585377,addr_ss4pio732t25,640749
C000605,2025-09-23,+916705464748,addr_st9tf0f5gssq,383002
C000606,2026-07-17,+918082614277,addr_296sidl8tnue,372788
C000607,2026-08-20,+916966977097,addr_bl4ny7kxjz5c,697212
C000608,2025-11-19,+918460636817,addr_nnvky9vlrt9j,893472
C000609,2025-11-13,+917895806210,addr_sc19lfjrftxa,569391
C000610,2026-02-03,+919615368647,addr_c7c5n8hx34px,181318
C000611,2026-02-16,+917286300010,addr_bylc833dzgjy,512599
C000612,2026-07-05,+917789019013,addr_bakmruhcahgu,369131
C000613,2025-11-02,+917017860530,addr_ujbk4trbdcf3,630532
C000614,2026-03-14,+916082501842,addr_v8qm96l409fd,274472
C000615,2026-04-04,+916453690694,addr_0oztgxbg4mqd,111719
C000616,2026-06-24,+919550679430,addr_1vyjrkulcdlp,719807
C000617,2026-07-04,+919027491420,addr_i8y6xxpcnbat,634214
C000618,2026-06-07,+917184066667,addr_3ixxsqzommbf,700927
C000619,2026-05-23,+919177797788,addr_hg6dgoutkgss,663244
C000620,2026-07-24,+918070940873,addr_qiq5tb51v2su,176995
C000621,2026-03-04,+917778720047,addr_qjs94xnlkpfo,601784
C000622,2026-08-24,+917137694549,addr_3d8c5tg72dfv,853825
C000623,2026-04-09,+916607226805,addr_h6wzcf02gj7m,151775
C000624,2026-06-13,+918119931594,addr_bjub0zpw2nop,636907
C000625,2026-04-28,+917915017873,addr_g9d38a0k8oox,111466
C000626,2026-03-21,+918638240053,addr_23ywfnb8tkgs,164285
C000627,2026-05-16,+917421768261,addr_83gim6a2i9f9,888692
C000628,2026-07-13,+916256477274,addr_4dzlv58epn50,438072
C000629,2026-07-21,+918029138230,addr_xns2ef3dgfla,724232
C000630,2026-05-06,+917277810542,addr_reennmh6v490,558378
C000631,2025-10-29,+917809333541,addr_8grs1xholqj7,861658
C000632,2026-06-23,+919981856313,addr_e4u9roirxi16,172664
C000633,2026-01-16,+916312533554,addr_indfa0ney12y,273819
C000634,2026-05-01,+917039213458,addr_twk2g8ivt4m1,487869
C000635,2026-03-18,+917998433676,addr_30oxfm2j3tds,358682
C000636,2025-10-20,+917308078281,addr_3fcgr209ywm2,334406
C000637,2026-07-05,+919564735869,addr_6dtu52kjndvc,164314
C000638,2026-07-15,+918274128019,addr_s0xu9e3wziu3,650204
C000639,2025-09-29,+916221101356,addr_7pjeub4cqvds,876971
C000640,2025-10-24,+917691965203,addr_x1nwuzzszwlt,374031
C000641,2025-11-09,+918678484318,addr_o49uyxlyq8s5,626550
C000642,2025-09-02,+919264814374,addr_ck9a7u26ae5e,324224
C000643,2025-11-14,+916698441303,addr_4p8mdptzwewj,422848
C000644,2025-11-20,+917827103325,addr_t1eypd5h7i89,772812
C000645,2026-07-04,+919295254044,addr_qop9xsc5fhmf,830821
C000646,2026-05-18,+919870364367,addr_03sfkdn1gds1,346826
C000647,2026-06-29,+919149975347,addr_6wz9u7v3cv4j,800243
C000648,2026-08-08,+919983589626,addr_azq94yddxf5e,410112
C000649,2026-01-14,+918313419903,addr_3sbwld0jhshx,137116
C000650,2026-01-23,+916392674698,addr_e5lvsbcdse28,807705
C000651,2025-10-19,+917471032157,addr_oqxy2gzdogv3,401138
C000652,2026-05-06,+918590462191,addr_5k6m0x84tp6i,230259
C000653,2025-11-26,+918145878006,addr_uz44tor4dswg,831667
C000654,2025-10-16,+919954944301,addr_y1r3ipr5dlat,803161
C000655,2025-11-15,+918128098665,addr_n9ijm1vi4e3l,464894
C000656,2026-08-10,+916087497180,addr_13h8ipbqgw1j,136408
C000657,2026-06-01,+916618032443,addr_3nljvb8bb3xn,581540
C000658,2025-10-06,+919391427238,addr_eob5j2vwqvmr,207832
C000659,2026-07-14,+918432015072,addr_ui147b25tmas,876276
C000660,2026-04-14,+919566652082,addr_fh8irdkis1um,328373
C000661,2026-03-24,+918518799410,addr_9kbzkw5c7b7a,214142
C000662,2026-03-17,+919333038339,addr_tf2kp4g5n4oa,405950
C000663,2026-02-21,+917080858764,addr_gse82gvfefgp,258291
C000664,2026-02-21,+918903134999,addr_dzj0c58h9xm9,116291
C000665,2026-05-12,+919820002884,addr_kc6gtebz9lgm,142563
C000666,2026-08-16,+919331311995,addr_eqvqnpowl0lt,795749
C000667,2025-10-31,+916880213222,addr_bhn273wnaztf,128936
C000668,2026-03-02,+916793144004,addr_ipilukab9wet,176896
C000669,2025-11-05,+919370751945,addr_swi7zt14zfps,263312
C000670,2026-02-21,+917901925442,addr_nwfuy5jtze4m,275648
C000671,2026-05-01,+916639265854,addr_8eta0f9lmwjt,253798
C000672,2026-02-20,+917311563710,addr_xlsn08z431cb,556445
C000673,2025-09-08,+919021281647,addr_z1lqtccbpp8i,623359
C000674,2026-03-24,+917523203091,addr_wfjmvovcu0uk,272857
C000675,2025-11-12,+917138481055,addr_yeo8i85u6lyr,503168
C000676,2026-08-27,+916745895203,addr_ca5iud705h6o,765575
C000677,2026-08-21,+918635784248,addr_y2us412c9fgu,132410
C000678,2025-10-28,+919808712183,addr_7wr2rpj43z73,781388
C000679,2026-01-30,+917657708949,addr_tvpywbaw1myg,883564
C000680,2026-07-15,+917459533269,addr_dm3gp0gmes4a,536486
C000681,2026-01-26,+916639957270,addr_hzc19x5fccb2,577278
C000682,2025-12-30,+918708769808,addr_rdje2t5wct4q,633389
C000683,2026-08-04,+919313020984,addr_f1trs0mtnw3f,793944
C000684,2026-07-15,+916267067096,addr_d2dlgmgmucgp,422237
C000685,2025-09-24,+919378768959,addr_orlsze6696ry,258998
C000686,2026-07-14,+916530701940,addr_dtzpf34nm0y0,228183
C000687,2026-07-26,+919026162895,addr_db81f90s7j0q,388792
C000688,2025-12-02,+918424482074,addr_gkwbcsn8kjam,647493
C000689,2026-07-24,+918730362732,addr_rlfv4eee4z35,884469
C000690,2026-05-26,+918999206818,addr_d3q4ycz06592,776175
C000691,2026-07-14,+919150090725,addr_7zwze1et8omq,635931
C000692,2026-03-05,+918362453902,addr_ic0v8ytybrjt,142259
C000693,2026-02-05,+916500693046,addr_3z0d1obvy0dx,853775
C000694,2026-08-20,+916550237669,addr_rlzvbzrgw94s,628421
C000695,2026-01-05,+919468719570,addr_ywm0vkpq548u,320703
C000696,2025-12-18,+919380685520,addr_w3z24zqyrm5d,347900
C000697,2025-09-28,+916485853105,addr_hp72i0n35oaq,190157
C000698,2026-08-01,+919428634517,addr_1lyaai0mquns,617578
C000699,2026-08-10,+917500854827,addr_lfcabo6sm9l8,484409
C000700,2025-10-15,+917605733535,addr_8adub75b868g,561718
C000701,2026-05-23,+918719955390,addr_uhvdk8ywpoju,232981
C000702,2026-08-08,+918690643593,addr_on8w0cz8s822,432779
C000703,2026-06-01,+916812006696,addr_7sb2f8mh6srj,786050
C000704,2025-12-06,+918342052975,addr_8756vg7qjkig,265135
C000705,2026-05-02,+918990546146,addr_o7gz0bas961d,216816
C000706,2026-08-09,+919803884340,addr_w21v7d1gyty3,330787
C000707,2025-09-11,+919905933697,addr_w5txbkp7pmy8,231505
C000708,2026-06-25,+916071885668,addr_mu8hyfkrkkzl,426388
C000709,2026-02-19,+916182376970,addr_14ha5ygwlnib,677829
C000710,2026-08-27,+917862528120,addr_2c34fxo2yj5s,335685
C000711,2026-07-21,+917350549968,addr_8malrjtsuu1y,834467
C000712,2026-05-11,+916789753541,addr_dgaa6ndbnai5,180953
C000713,2026-06-28,+919548649327,addr_3q9b7iub5m30,751311
C000714,2026-03-13,+918877764079,addr_r84h4cromw3v,448603
C000715,2025-12-24,+916483754366,addr_apjdddstzlt4,860297
C000716,2026-07-21,+918033376098,addr_4tupiqhb0w0s,566956
C000717,2026-04-23,+917822395013,addr_axqm6jlr4olf,151469
C000718,2026-03-28,+919924698266,addr_6w8vmy8fx5pj,276010
C000719,2026-02-15,+916690650276,addr_5tbpaxhifkgt,703036
C000720,2026-03-10,+919665203772,addr_76tv4g6prxct,304026
C000721,2026-06-07,+918654277951,addr_mwpjr2z7mng3,270114
C000722,2025-10-26,+916045104190,addr_5jsu92rx2pwf,743139
C000723,2026-05-26,+916035681888,addr_1aaw3vz3o634,310704
C000724,2026-02-22,+919912387568,addr_0co8c7z58xne,774738
C000725,2026-06-04,+916592259474,addr_5sjm2ck66apr,489365
C000726,2026-05-23,+919568196288,addr_c1uelhclg78k,130858
C000727,2025-09-23,+918624724070,addr_ff37psytw502,879187
C000728,2025-10-25,+918098382781,addr_dki7o3hi6i64,246863
C000729,2025-10-14,+918466820415,addr_q5u31xy048fm,834780
C000730,2025-10-16,+919902762295,addr_vx3gix35ltj7,210988
C000731,2026-04-10,+919057346933,addr_dir4n3sq98uj,606054
C000732,2025-11-06,+918378050659,addr_v8by6tr1xc39,603476
C000733,2026-03-13,+917432648440,addr_velmsq5gepes,606785
C000734,2026-07-09,+918018896341,addr_062qwz413icy,541899
C000735,2026-07-07,+917169863905,addr_0jen0zqrrb9w,828749
C000736,2025-11-14,+918263884225,addr_7phgg4xg8ble,746987
C000737,2026-04-30,+916471042332,addr_dueq0xioss17,386190
C000738,2026-03-18,+918496679917,addr_uwuqr1zrp2kg,740221
C000739,2025-10-29,+916372558189,addr_05d571ssnz2d,181453
C000740,2026-06-21,+919762264391,addr_bcvkrqfch9dt,726169
C000741,2025-10-05,+917791126897,addr_u4zwd2qq9yev,883360
C000742,2026-06-22,+918963169442,addr_jmr35cwdraeu,211946
C000743,2026-05-19,+916955475959,addr_0388et141evi,311688
C000744,2025-09-17,+916957782116,addr_xytvc1wmuqro,608218
C000745,2026-05-01,+917008295852,addr_1q844cble5vi,223581
C000746,2026-05-05,+916048373316,addr_4kb2oueydw2x,742554
C000747,2026-02-21,+918957359028,addr_iplvf2iph5i5,512390
C000748,2026-03-15,+919640957338,addr_mjpzzqqzolu2,103813
C000749,2025-10-01,+917014910165,addr_uty6fav4earv,213570
C000750,2026-04-25,+919947367575,addr_xw5cb704lsvq,355209
C000751,2025-12-14,+916713647556,addr_bye0n64wqhzp,738663
C000752,2026-02-25,+916850836531,addr_y301flzqjpej,802091
C000753,2025-10-24,+916518135531,addr_e4wm2xqvc3lw,534532
C000754,2026-02-10,+918326610119,addr_1dyo9qm6ws78,112710
C000755,2025-12-30,+919288205700,addr_ay2m0onm17gv,364789
C000756,2025-10-10,+918749163973,addr_9pnh0ao6ydmf,253464
C000757,2025-11-16,+916899957255,addr_z464c759p1z3,364961
C000758,2026-02-18,+919951252833,addr_mjqb9c0av6lu,807494
C000759,2026-02-26,+916388833177,addr_4hpizsyunkhf,315967
C000760,2026-01-12,+919381276057,addr_iauz833h1p7k,681972
C000761,2026-02-26,+918087202650,addr_9xfkhlp3xu77,277673
C000762,2026-04-06,+919988830708,addr_3uh3vvpa2zs6,787304
C000763,2025-11-03,+919526396718,addr_tpvvor41ls16,367613
C000764,2025-11-09,+917070796812,addr_9dbgtit6a1yz,161698
C000765,2026-02-21,+917405291119,addr_nhqzxkhjmsdg,186308
C000766,2026-03-24,+916872989856,addr_bw4j0cqnm769,317340
C000767,2026-02-17,+918989946317,addr_oaf0uqhpyu1u,170858
C000768,2025-11-15,+918412479760,addr_makitcxtfvir,693965
C000769,2026-02-13,+916590583511,addr_0w2qch5nro04,450054
C000770,2026-05-11,+917117255738,addr_hidzmmbyuori,312573
C000771,2026-04-20,+917692520600,addr_9gh0y90omv0g,341436
C000772,2025-10-12,+918594976385,addr_0dq03yq7ucyq,376668
C000773,2026-03-03,+917719130809,addr_fme3nhs2285w,653039
C000774,2025-09-28,+916496657685,addr_g1at1vgj92mw,769737
C000775,2026-05-09,+917279359125,addr_j25xscyeqlee,821041
C000776,2026-05-25,+919234565933,addr_0tnnsrynbtyj,701147
C000777,2025-11-24,+916908714376,addr_x3ypp6xu7ue8,278392
C000778,2025-09-09,+919014684538,addr_4sssbz31jmd2,392855
C000779,2025-12-10,+917845218434,addr_qfvb99zv1xqq,890713
C000780,2026-01-11,+917586349591,addr_d6n5k7rcfhft,200159
C000781,2026-07-09,+919842489519,addr_v21oxc3scygl,350076
C000782,2026-08-05,+918829224986,addr_8r3e3ariug62,415509
C000783,2026-05-20,+917140752554,addr_8zvx0cyao8g3,148503
C000784,2026-07-16,+919699939891,addr_loyndwb1ws15,812406
C000785,2025-09-09,+917185695027,addr_ax5lc200kndp,444800
C000786,2026-02-28,+916123910850,addr_gq95hamwddgp,723754
C000787,2026-03-31,+919313790656,addr_ranhkvlz1gmc,772496
C000788,2026-07-08,+916405476180,addr_ohf5d6rzocx5,359773
C000789,2025-11-17,+916664917412,addr_8cwhrm2w2msj,593598
C000790,2026-07-14,+916481941129,addr_7vqfqdo96omf,635731
C000791,2026-01-10,+917325826947,addr_jrjlxq6gw41n,103337
C000792,2026-06-25,+918903482642,addr_zl6sr2jno6h1,646966
C000793,2025-11-19,+919255521795,addr_ecoiccifpnzc,329379
C000794,2026-01-27,+919979714218,addr_qdjvn2lgoamt,306864
C000795,2025-09-22,+917587161174,addr_gdkrt92i6m5h,521505
C000796,2026-02-27,+918117035616,addr_7hadjnypqtsq,679863
C000797,2026-04-10,+918908563808,addr_9p7z6c8hizsy,269288
C000798,2025-12-08,+918877417150,addr_etuv0prlasqg,314895
C000799,2026-03-17,+917332089642,addr_nxjchi8qzhip,535147
C000800,2026-06-20,+917119362457,addr_82x8b97cd8x3,100572
C000801,2026-08-18,+919460367300,addr_piw3gpyvu4s0,416247
C000802,2026-01-09,+919395214158,addr_9cdejbs1wsrr,385447
C000803,2025-11-10,+919593554841,addr_0gh0wd2guh6a,166280
C000804,2026-03-28,+918519827615,addr_4uln7nwq9p40,869712
C000805,2025-10-27,+916322298438,addr_98zlf78brr9c,102811
C000806,2025-11-25,+919325176612,addr_i0v15x46wl5d,509304
C000807,2026-05-15,+917193464616,addr_ryd9uprxmpyv,869657
C000808,2025-10-29,+918933828931,addr_gdrjh752itlm,669802
C000809,2026-04-18,+919932243127,addr_81gdegp7gj18,154400
C000810,2026-03-09,+919492047743,addr_yymj5jp7mk09,507059
C000811,2025-09-07,+916803167733,addr_lmudebrxgzy8,611245
C000812,2026-07-02,+917114416145,addr_k5ng01kehstf,374757
C000813,2026-07-08,+918852490752,addr_t99ps13ef49a,827982
C000814,2026-01-13,+919775563536,addr_d23jpl7oop9e,669393
C000815,2026-01-24,+916242391536,addr_3qq7szyfq4nj,570227
C000816,2026-05-17,+918291042396,addr_3yogdfc5h7jh,329343
C000817,2026-05-12,+916930780132,addr_kca71kmt4smh,708106
C000818,2025-12-24,+917103618065,addr_x3c1ng0f6ohb,845952
C000819,2026-05-05,+918848105879,addr_9im2m1313htc,430903
C000820,2025-10-30,+916724920806,addr_si19tqa2oblz,751329
C000821,2026-01-27,+916758947497,addr_d8t7sdwtr6e4,437089
C000822,2026-04-13,+916017223536,addr_dmex4npthiar,373827
C000823,2025-10-11,+917327460606,addr_ejl4s857g1kl,134597
C000824,2026-03-07,+917726953335,addr_02jozwxq2ay5,650769
C000825,2026-02-24,+917682164541,addr_ypraer7bjamg,770590
C000826,2026-06-13,+918218218446,addr_edd9mz85t8sg,462244
C000827,2025-11-25,+916092735934,addr_o4b9udm3blk2,487492
C000828,2026-02-28,+917901955716,addr_ajrba0nd00qs,189739
C000829,2025-12-28,+918717568351,addr_p9cnwbd78lxz,842659
C000830,2026-03-13,+917122568389,addr_r17f6j1on3a5,268697
C000831,2025-10-16,+919963970517,addr_2o0wj3f6w5kl,357539
C000832,2025-12-21,+917770486368,addr_3mw1z3md88xk,387355
C000833,2026-01-03,+919722937350,addr_kcg7qx5bgzel,241744
C000834,2026-05-23,+917188451564,addr_tatgr7jesz24,111436
C000835,2026-07-06,+918590576527,addr_dcheb5ifs337,192547
C000836,2026-04-11,+918030852330,addr_4dqr5fjr8tcd,855251
C000837,2026-04-02,+918675152631,addr_ffjovtflsnyh,546411
C000838,2025-10-08,+919604066513,addr_8ausntqh2j77,368078
C000839,2025-12-26,+918703221425,addr_r25pfcujnked,293301
C000840,2025-12-13,+917593280281,addr_caplx5n48es7,384541
C000841,2025-10-15,+918813083322,addr_s7xfn6gguvk5,552059
C000842,2026-03-25,+917291724014,addr_v7e2t70p0m8m,318604
C000843,2025-09-18,+917097027291,addr_cj7sx1knoy2r,450447
C000844,2025-10-01,+917226943117,addr_pcccee7a7hes,231768
C000845,2026-03-21,+919853520538,addr_e3o0xo4tm9qr,312026
C000846,2026-08-13,+916545016423,addr_iq6xjnj1oo64,644773
C000847,2025-10-14,+918552469827,addr_ly52y2thpt7g,625592
C000848,2026-07-15,+918598387654,addr_g5zm40oqzk7g,643800
C000849,2025-12-29,+917538031882,addr_3v7t34kgwfcy,725869
C000850,2026-06-18,+918901095922,addr_xshoxa8dy6zi,412228
C000851,2026-06-09,+918723534039,addr_o0470nfdv346,351776
C000852,2025-11-25,+919588222009,addr_17ple64axpfg,610742
C000853,2025-09-18,+916706716302,addr_pxatga70vh8f,897327
C000854,2026-07-01,+916904473715,addr_a1bsfig6gwjn,526100
C000855,2026-04-10,+919095991556,addr_iwwoa9qwvgc9,648358
C000856,2026-05-06,+916408311725,addr_374gq6e1xvq6,894870
C000857,2026-02-21,+918059386030,addr_fx7jqvu5cw9k,765588
C000858,2026-04-20,+916159924998,addr_v7ebcf7yu20q,152345
C000859,2025-12-26,+917625632687,addr_3eoqv3uu4z4m,512231
C000860,2025-11-25,+918502032610,addr_lt6aadsledry,835351
C000861,2026-05-13,+918809529170,addr_e5igsvc5gcfn,376418
C000862,2026-02-23,+917409735742,addr_jjd0putohq0s,339309
C000863,2025-09-20,+919317389034,addr_xylpnfr7mj7t,656725
C000864,2026-07-16,+916263502175,addr_ej89hwpk3uia,863945
C000865,2025-11-21,+916284165784,addr_4ev9pimopwh6,524591
C000866,2025-09-08,+919998667251,addr_3xundoxzrdlu,703322
C000867,2026-03-03,+916055881261,addr_vmg0bm9uaafl,665721
C000868,2025-12-11,+918668570848,addr_kknxhas9b83w,500586
C000869,2026-08-07,+918384201687,addr_kgleuo3cq2v6,645115
C000870,2025-12-21,+916030187037,addr_wu8jqu5ab301,476620
C000871,2026-02-13,+917896589858,addr_ywtshsyncgzx,132985
C000872,2026-07-13,+916031649443,addr_sqwn3vfs5g8n,647640
C000873,2026-04-03,+916217020813,addr_wu1tppvxxhaj,640570
C000874,2026-02-12,+919493924444,addr_z2iuqt34rl6u,358046
C000875,2026-03-30,+917736595972,addr_u6j3omfdiqag,647968
C000876,2026-01-28,+919958930321,addr_xeftegt3upsw,571381
C000877,2025-11-26,+916581680147,addr_9x892pf85my2,824678
C000878,2025-12-08,+918365606100,addr_yk42ai79lrth,647929
C000879,2026-01-06,+916742484853,addr_hwummlx4pn3f,865808
C000880,2026-06-16,+917575176410,addr_afkhrti513h7,151593
C000881,2026-01-30,+919462578374,addr_ydw0t7hs9jxr,148238
C000882,2026-07-12,+917155659257,addr_0ky5e4limsi7,572808
C000883,2025-11-23,+917343891577,addr_03tr81qgc6lb,883083
C000884,2026-07-11,+919662616409,addr_je0qbklk6ykn,606676
C000885,2025-11-15,+919514467606,addr_8nju9jtnqjyl,301217
C000886,2025-12-04,+916374764260,addr_ee8lepbh5tjd,760448
C000887,2025-11-17,+917251284114,addr_aalpcqum4lx6,107340
C000888,2026-06-25,+919789351213,addr_aczpiiv8wufo,222203
C000889,2025-10-27,+918218048124,addr_o9nbio603fc7,191363
C000890,2025-09-09,+917322403376,addr_l7y2g6jgekyv,650276
C000891,2026-07-27,+919242525683,addr_hpyfmm1fpr8j,770131
C000892,2026-07-15,+919738975361,addr_ix3bexq8tmkc,718832
C000893,2026-08-08,+919048187318,addr_wci39boe7jh5,313260
C000894,2026-06-25,+918019770030,addr_0jb1h68hfzk3,702593
C000895,2026-04-11,+919705202023,addr_v1okt7uo6ktk,379937
C000896,2026-03-04,+917515760508,addr_7rkcn51dusd0,383485
C000897,2025-09-07,+919317720761,addr_2kov1xbi5g8s,776695
C000898,2026-08-14,+916182560208,addr_rjedvbuu92gc,197584
C000899,2025-09-17,+917252651866,addr_un560f5fxevu,457316
C000900,2026-03-20,+917827502261,addr_pvdavahclazj,592555
C000901,2026-01-20,+918241605290,addr_x7w9kr7gaz6k,187958
C000902,2025-10-31,+918621388724,addr_ii1ziet3do4u,642697
C000903,2026-07-09,+916932309504,addr_0ro0dypbse7h,722264
C000904,2025-09-14,+917848494373,addr_btpc84teqq0w,881528
C000905,2026-02-11,+916688372262,addr_l86w8ef5rnn0,410071
C000906,2026-08-20,+919435919728,addr_l82c5elvtqq9,210609
C000907,2026-01-22,+916774121964,addr_rwy7e59o88xt,765903
C000908,2025-09-22,+917214691404,addr_bs307px8bk0t,608481
C000909,2026-08-06,+919249413400,addr_g5a0tf0twbvc,652167
C000910,2025-11-11,+919229173677,addr_i5jzuvr72bpr,626120
C000911,2026-06-19,+919480471951,addr_hl0i0xerlurd,397380
C000912,2025-09-03,+919739649605,addr_4n9k095qhwm1,491942
C000913,2026-04-03,+918795922522,addr_u7xrlnvkc0q3,136635
C000914,2026-01-05,+916137275087,addr_di5taxr4o02a,365161
C000915,2026-01-19,+916312233278,addr_sn72uj16ve9p,803327
C000916,2026-07-17,+916263438632,addr_h4zbsd17rial,161876
C000917,2026-05-07,+917225825860,addr_pu98u6bpkt8t,557188
C000918,2025-11-11,+918775983760,addr_8o70fw6u5g4r,148858
C000919,2026-06-03,+916294419429,addr_hz5wxlq70786,733593
C000920,2025-09-12,+918752748869,addr_ba6tofskvmab,597054
C000921,2026-01-21,+918647816157,addr_cqucq4g5uo0r,657544
C000922,2026-04-29,+916902351512,addr_aohk97h51cfe,613976
C000923,2026-01-15,+919399026801,addr_s0p391w809ap,247279
C000924,2026-03-15,+918381384807,addr_abeuuxefu7oe,346376
C000925,2026-07-19,+918769345358,addr_7m4kmiww007d,759732
C000926,2026-03-19,+918277522781,addr_920jlu7ls9me,110835
C000927,2026-03-26,+916186410214,addr_wog4jb836l2q,557971
C000928,2026-01-24,+918220539898,addr_hqae8nufpy75,242198
C000929,2025-09-14,+917648452873,addr_aeihkaj3y5j8,398461
C000930,2025-12-16,+919002893978,addr_t6oeb30e2f1s,521431
C000931,2026-01-09,+916423396501,addr_qnferaue6cx7,764059
C000932,2025-09-02,+917071725329,addr_bbmi6xtj7wv8,262684
C000933,2026-07-02,+919794524293,addr_82pca5zbz5cb,228792
C000934,2026-04-04,+916035671487,addr_sodr85qfq9mi,326559
C000935,2026-06-17,+918149547409,addr_f88xbmsn7w3h,699411
C000936,2026-07-13,+917447150143,addr_qppjzdq7azdf,664804
C000937,2026-08-15,+917986283203,addr_1r4aib6bgov7,351851
C000938,2025-11-29,+919513411380,addr_1pzusqsy0ll5,773098
C000939,2025-12-29,+918742605205,addr_n60ru26caw27,694778
C000940,2026-06-07,+916397310118,addr_5vtw01cdmz54,189139
C000941,2026-08-12,+918804021336,addr_o077twxt18hg,477681
C000942,2026-01-19,+919013713141,addr_8yt8nsk05x6q,697142
C000943,2025-12-22,+918990293172,addr_l0h6i9rnwim0,264586
C000944,2026-02-20,+918028946516,addr_5q958qdtxmkf,469060
C000945,2026-05-01,+919280870737,addr_rgbp06ci6x0j,817369
C000946,2026-05-12,+919237579868,addr_kkku1jue6hg0,591229
C000947,2026-01-13,+917212805318,addr_q2762g7e495m,473886
C000948,2025-10-03,+916541190589,addr_cr05027e4qg0,567898
C000949,2026-04-19,+916629066093,addr_25xgoqn4oqu9,140239
C000950,2026-01-14,+917400102023,addr_xntrv6epuv2e,401694
C000951,2026-07-19,+919832423942,addr_ddojooc8orlm,303987
C000952,2026-06-08,+917116399902,addr_1hw5b7l3o26f,327292
C000953,2026-05-25,+919105965197,addr_tmztptg0ppxc,299074
C000954,2026-08-18,+917854674219,addr_bilvvlkv4308,387570
C000955,2025-11-09,+917113789271,addr_e6kkgwsmfsf8,444248
C000956,2025-09-13,+917424142302,addr_twfxeh3zxveb,777929
C000957,2025-11-03,+918938201750,addr_tm1wzxs2quyc,106266
C000958,2025-11-07,+916310641669,addr_uqmlmz5fuxuf,855292
C000959,2025-09-25,+918832637067,addr_4u7otgztvl2d,691056
C000960,2025-11-13,+917479726112,addr_0qm6q1i5lf3k,603273
C000961,2026-05-16,+919668664401,addr_sluwutkm1maj,694580
C000962,2026-01-26,+916711749296,addr_rafbnnm6vf46,511549
C000963,2025-11-15,+917114274963,addr_5mnkyimibbf7,701496
C000964,2025-11-23,+918551607963,addr_6n4h9fukkrii,241809
C000965,2026-06-25,+916966083088,addr_c4cw083mcse6,566702
C000966,2026-01-19,+916228786105,addr_oys14figr6jv,232420
C000967,2026-01-31,+918480603693,addr_58aj1ybvyqi9,526608
C000968,2025-10-18,+918220719514,addr_q180b7w4sp5j,588570
C000969,2025-10-29,+916670167648,addr_mniagubrgrr5,874437
C000970,2025-12-10,+917657849296,addr_tb3j8baayso5,689740
C000971,2026-06-16,+916354382503,addr_rymuu729bjqc,135740
C000972,2025-09-17,+919693224406,addr_trlsy494np15,843909
C000973,2026-02-13,+919740535673,addr_d4gac25edcjm,789429
C000974,2026-07-13,+918604412020,addr_lptc2fgt0z5i,650195
C000975,2026-06-25,+918848897631,addr_1wehcrrd4x35,625898
C000976,2026-01-12,+919169238683,addr_6y7hnm3u3z9a,500701
C000977,2025-09-04,+916892713946,addr_9nid55d2cnzh,458108
C000978,2026-04-02,+916660193022,addr_bygamtqbplvc,709319
C000979,2026-01-07,+916965237797,addr_kt4otv0mhe0l,446834
C000980,2026-04-24,+919723135355,addr_lf8shlfjg4jm,733236
C000981,2025-09-29,+916212294833,addr_ueaxk3mraatl,415563
C000982,2026-03-08,+918453267617,addr_80mmlaahbcuc,593891
C000983,2026-01-13,+918697487727,addr_jrnr368fcr4x,704103
C000984,2026-08-03,+916406889844,addr_41szbh84r380,307746
C000985,2026-02-25,+917931188009,addr_tg7q44o59hyh,366722
C000986,2025-10-09,+916251087634,addr_qi3pkdvs6vzl,546927
C000987,2026-04-09,+917294525335,addr_75dpjhjb3z6n,311078
C000988,2026-05-23,+917952317587,addr_90cdnolcw33l,385900
C000989,2025-12-24,+919241071901,addr_jmkfa3q87erc,577305
C000990,2026-03-20,+919809562860,addr_4bp49lsry99p,320889
C000991,2026-05-27,+917555089132,addr_3mhd9gfnx9r5,101205
C000992,2026-02-07,+917077440886,addr_8cgfzhvi85ma,280788
C000993,2025-10-17,+918342725300,addr_mze6l9qotdqg,734160
C000994,2026-07-07,+919264498164,addr_vwrvblba8ocu,820172
C000995,2026-06-11,+919820143663,addr_p9vfvr873pu9,889072
C000996,2026-06-22,+919477410692,addr_4l89ettt4zc2,562123
C000997,2026-02-09,+919880062520,addr_rh46qx5xc9z0,769556
C000998,2026-01-05,+916648028385,addr_gvj94nhy3wzy,865405
C000999,2026-04-20,+917350491807,addr_cdlmxonl35ij,574135
C001000,2025-10-10,+918526183654,addr_g7w97xat3j17,497900
C001001,2025-09-04,+918663002017,addr_rtkq3b6crbtu,266921
C001002,2026-07-02,+918709020527,addr_vldx5cqeiuze,165721
C001003,2026-07-09,+916400599840,addr_k3010m6qi1rk,271554
C001004,2026-01-22,+917047686562,addr_gaiwbz6s56yx,472924
C001005,2026-02-20,+918438353131,addr_nfjdv8i5d5pz,559225
C001006,2025-10-13,+917822281708,addr_0hdekrtpoh18,728383
C001007,2025-09-21,+917886940109,addr_l2j85dwzop1p,270882
C001008,2025-09-07,+917267982889,addr_lv33injtzyqa,636465
C001009,2026-07-19,+916480950222,addr_qm0m9ls3gpc6,360830
C001010,2026-08-18,+919342972128,addr_kup742k06e6l,319298
C001011,2026-01-10,+919415107248,addr_nu22xeumhg0w,235644
C001012,2025-09-23,+918765590710,addr_ukqtrauch5cs,429301
C001013,2026-01-15,+918190532851,addr_t8arzbjh5mqd,140404
C001014,2026-08-12,+918346580999,addr_box9paw98hqe,426267
C001015,2025-09-27,+918084301587,addr_4aievjzefwrj,503339
C001016,2026-08-14,+917498140513,addr_vp454rmzyc2s,273089
C001017,2025-09-13,+917682520482,addr_ersb3834z45e,191000
C001018,2026-04-20,+919342777549,addr_9ooisbqfocad,574707
C001019,2026-04-15,+916609088354,addr_umqurs1id7at,331892
C001020,2026-08-04,+916736907260,addr_0fj03cff24xo,587717
C001021,2026-06-03,+917423172733,addr_tnkfef1zsuzy,431618
C001022,2026-07-14,+919178890652,addr_z2tvddth2kha,206877
C001023,2026-02-07,+918226312094,addr_vvwqefpndxxb,815130
C001024,2025-10-17,+917070427063,addr_nnk7n1g504c2,360645
C001025,2025-12-05,+917252364721,addr_sv9di59aef02,864490
C001026,2026-05-13,+917489420125,addr_yszc43it5kwi,346996
C001027,2025-11-18,+918088002126,addr_9dh1z9vlvlhg,871067
C001028,2026-02-21,+916328475176,addr_frm2n6f7g3qq,206388
C001029,2026-08-11,+918478430072,addr_b2nzf0bbqv1r,643213
C001030,2025-10-04,+918442683627,addr_z0fasmdd6ly9,216453
C001031,2026-02-01,+917301485091,addr_6psxmu9kpjz7,207609
C001032,2025-11-27,+919680719782,addr_vqjsuvvg79i0,128339
C001033,2026-03-31,+917191913073,addr_iofn9euzujmo,310659
C001034,2026-06-13,+918169606165,addr_gvssdeq92mv5,877315
C001035,2026-03-23,+919768236627,addr_u5m444r6jgso,457131
C001036,2026-05-05,+919721511175,addr_nf2ya57rkthp,692418
C001037,2026-06-15,+918390257070,addr_nyc1yrifvu1n,853781
C001038,2026-05-10,+917939589328,addr_pqv1jvo5h7wk,686484
C001039,2026-07-27,+916772645121,addr_wfyx3ld0jixg,814125
C001040,2026-04-16,+918106957294,addr_l6xiw8bs4p96,164710
C001041,2026-02-22,+919837761280,addr_ply7uptk5yn1,285044
C001042,2026-07-28,+916387396278,addr_fwtwr02etxwj,622546
C001043,2026-05-22,+919295952090,addr_9ocigr9p6d9s,211267
C001044,2026-06-30,+916661282916,addr_bbfwgzrezpca,237326
C001045,2026-05-02,+919861228264,addr_0kt1813hgbe2,431713
C001046,2026-07-02,+918529612811,addr_nbkqgch0hovm,494461
C001047,2026-08-07,+916650649572,addr_060x207p9bus,501318
C001048,2026-06-27,+918153727821,addr_xkegwloalw7p,861571
C001049,2026-02-14,+919723797121,addr_vp2bjy5ic4vr,397677
C001050,2026-02-26,+917181043923,addr_e85c32aww34o,189074
C001051,2025-12-29,+919041243465,addr_pgkuk00gclqm,399077
C001052,2025-11-16,+918189302198,addr_tj5d8p3m5roc,221920
C001053,2026-02-28,+918894651762,addr_o96m2ie4qf8v,825302
C001054,2026-02-23,+918168221507,addr_p7m6gpps18zr,402019
C001055,2026-04-24,+918697784347,addr_7f303729phea,334608
C001056,2026-03-15,+918190607167,addr_77swymuwrnit,384313
C001057,2026-07-22,+916838245470,addr_e7ntzhkbrag5,506594
C001058,2025-09-20,+917381283313,addr_q97nub6rr3bw,417498
C001059,2026-03-12,+919086264463,addr_wyjoulzxmgd8,439160
C001060,2026-01-18,+919036095796,addr_e22eju6wav7l,632605
C001061,2026-05-19,+917132953216,addr_jr045z3llhwk,432043
C001062,2026-03-30,+917878801044,addr_x5nyryvhfeh5,594041
C001063,2025-10-02,+918551825566,addr_sfi8qqho1q37,246295
C001064,2025-12-12,+916388932871,addr_kbj24r33zblu,861605
C001065,2025-10-20,+917079733062,addr_1sx8xbbn3q0d,875120
C001066,2026-01-28,+919312915877,addr_3z7vs8ch4qxq,568307
C001067,2025-10-15,+919660239981,addr_tuyim4eszwnr,409928
C001068,2025-09-14,+919724032877,addr_eumrwigxm1j4,781409
C001069,2026-03-04,+918443017785,addr_xptne0kwiv5z,155903
C001070,2026-03-31,+916763463301,addr_j2irp532af4e,332220
C001071,2026-08-16,+917020168765,addr_yi4wb4mbsdsp,627030
C001072,2025-12-05,+916762199668,addr_8ys2foaup8pd,177284
C001073,2025-09-17,+917156214180,addr_hpt8b7agy7ju,459881
C001074,2026-05-28,+919841691746,addr_76z71p67impb,384016
C001075,2026-04-04,+918845757560,addr_eh5qi628ua5y,479724
C001076,2026-07-12,+917176660863,addr_svpli7et8s15,771547
C001077,2025-09-13,+917582943659,addr_j6fjpwnbvsfe,821545
C001078,2025-10-02,+916706088236,addr_ns162v0vxfvh,421336
C001079,2025-10-22,+916688209682,addr_sb8opqd4usnc,843117
C001080,2025-10-25,+919545611806,addr_deuy2mic2skt,471318
C001081,2026-01-21,+916547803609,addr_qtct4hq79lai,446592
C001082,2026-07-14,+918528671609,addr_e1vsoc5h3iql,517781
C001083,2026-07-21,+918196566002,addr_9mzl8dgd88ze,239010
C001084,2025-11-27,+919904771805,addr_8rtk35ovs2tx,565211
C001085,2025-11-18,+919268669887,addr_4xr9kfa9vtx0,362907
C001086,2026-07-07,+916498199446,addr_313boy33urfr,496181
C001087,2026-02-16,+918717579341,addr_k8gjcdmabvw2,423130
C001088,2026-01-08,+916625326004,addr_4oxtzf9jxuaz,103877
C001089,2026-04-05,+919838262130,addr_7zaqn88butn1,542461
C001090,2025-10-04,+918242345222,addr_vztjgwemjjs8,435311
C001091,2025-12-25,+917680611226,addr_1oxmopl6pczk,593238
C001092,2025-10-06,+917423426584,addr_c068laosssh6,879464
C001093,2026-03-16,+919993142506,addr_6rfy031wu04f,292731
C001094,2026-04-22,+916701239307,addr_jf4clm55rksy,500469
C001095,2026-07-23,+916631827149,addr_q0q3mpeyh1zx,691717
C001096,2026-06-03,+917201574594,addr_a33sdtptjimg,308901
C001097,2025-10-17,+917383449657,addr_efc9f5nrk3c8,273583
C001098,2026-04-28,+918259154483,addr_oilh46f111lz,248185
C001099,2025-11-04,+917511107023,addr_pyyvf29m22gx,393962
C001100,2026-07-24,+919726667292,addr_gbq8l7dosxcn,170032
C001101,2025-11-03,+919677649519,addr_yso547u0uiyi,295905
C001102,2026-02-21,+917097025428,addr_xy4q9qvyui6g,634791
C001103,2025-11-19,+916190740538,addr_hqocy8fq5hjq,628872
C001104,2026-07-21,+919023870351,addr_yw9rr4g8xfkk,795742
C001105,2026-04-19,+916531701942,addr_hmn081d84jj7,751539
C001106,2026-03-15,+917554441776,addr_dpw8pjt31g0o,622179
C001107,2026-04-18,+917398511471,addr_9wh8ttbv0dh9,775263
C001108,2026-03-01,+919518605447,addr_nfhdmqyyvagg,353992
C001109,2026-03-02,+919249047037,addr_80me7y4uuho0,158522
C001110,2025-11-04,+918711724653,addr_14j91b891rt2,719177
C001111,2026-07-05,+919983589545,addr_kslnc8likrr0,562941
C001112,2026-02-27,+916475195173,addr_c8l49k8mhcc7,540670
C001113,2026-04-25,+918804658578,addr_ztdkjgyp20gq,190730
C001114,2025-12-16,+919562270220,addr_be88psdq65g4,762351
C001115,2026-02-02,+916863410871,addr_2m4ccpmdeg39,377028
C001116,2026-05-28,+919866808413,addr_vzrva0vft79c,817282
C001117,2025-10-15,+916324400004,addr_3zvmkacwd7su,593839
C001118,2026-05-28,+919549010253,addr_fej1vngy9mjd,267433
C001119,2025-11-27,+916472840960,addr_qovh1pygfdlt,680811
C001120,2025-09-02,+916157554475,addr_o4b3vfe6myxn,465442
C001121,2026-08-04,+917903670458,addr_fnlq5je8zivc,830036
C001122,2025-12-15,+916228673899,addr_rz2lcpwyjq6w,776595
C001123,2026-04-29,+916027914149,addr_593qeies9rok,318344
C001124,2026-08-26,+918601089362,addr_yloqvjn9ci5q,501983
C001125,2026-08-19,+916147716496,addr_j0bfh64c2p4s,353717
C001126,2026-07-11,+917433440559,addr_zw9go2bil458,365071
C001127,2026-04-09,+918348751455,addr_gjfsgmmglrbc,461732
C001128,2025-11-30,+916924004867,addr_oqx671zmx0hx,168566
C001129,2026-01-10,+919088433998,addr_mamlj3lcath3,815418
C001130,2025-09-21,+918730973810,addr_lb9ev2wmtsi2,727806
C001131,2026-01-09,+917778583155,addr_5euwss4ysufu,479909
C001132,2026-02-11,+917411842727,addr_0l0cklpyhlnf,563502
C001133,2025-11-04,+918128855899,addr_7szmgselaoa2,897120
C001134,2026-08-15,+916728100607,addr_lbm11tj6ua5r,653462
C001135,2025-12-12,+916216993644,addr_nhirt68jxq61,411638
C001136,2025-12-18,+916812799863,addr_i05s95zsnbjg,475415
C001137,2026-05-23,+917639634169,addr_dt7r5lylf3s2,468948
C001138,2025-12-24,+919016780306,addr_1k192oyfx56s,377626
C001139,2026-02-16,+916320351872,addr_pt54q2diuxkk,256821
C001140,2025-10-12,+919368767186,addr_tf7svl5b9qve,809912
C001141,2026-06-15,+917715237712,addr_fdexpkl7eq5v,628054
C001142,2026-01-09,+919288886272,addr_na2nae6vdvap,274956
C001143,2026-05-12,+917006554610,addr_c6kylq151788,453224
C001144,2026-06-16,+916335518830,addr_nvrctdra9ae1,690658
C001145,2026-08-09,+917470745035,addr_sxb8n0tzuma9,396961
C001146,2026-01-28,+918188112694,addr_lsqujhxz4sxg,522655
C001147,2026-02-12,+916490468899,addr_kno02gfgvo8j,620848
C001148,2025-09-23,+917998153359,addr_njigazs5frdv,107550
C001149,2026-07-31,+918123674330,addr_0vl9j513ng5t,569254
C001150,2025-12-01,+916614133994,addr_mgnlju5s7dim,341471
C001151,2025-11-10,+916736957645,addr_30w4bwyqt208,226114
C001152,2025-12-14,+919532232689,addr_esa0uo4dp6ep,326423
C001153,2026-01-14,+916828891285,addr_lt2zskl0pulp,264405
C001154,2025-11-01,+917501254700,addr_lwbuv0g4jgj6,709188
C001155,2026-06-28,+918689098247,addr_78r2bzi12d1v,252055
C001156,2025-10-23,+919680588078,addr_qybt3313fdwv,724488
C001157,2025-12-26,+916019209106,addr_ofprau8ywgji,466065
C001158,2026-08-10,+917848105074,addr_v4et0h3bejnp,645930
C001159,2026-01-06,+919887286158,addr_hsf8ra6yacjs,512156
C001160,2026-06-14,+917031609396,addr_so71qkdkix08,300513
C001161,2025-09-27,+919485410557,addr_bs7eahh4b58d,604458
C001162,2026-03-21,+917897837018,addr_j66s1ywztyzd,286937
C001163,2025-09-09,+916613013633,addr_uxk6yk079s0i,520619
C001164,2025-12-08,+919085685026,addr_44slgp6o7zyl,544884
C001165,2025-10-04,+919115735139,addr_f7ebglbjhx41,686977
C001166,2026-01-03,+917285589213,addr_deljqam3bi6j,653085
C001167,2025-11-06,+919414086762,addr_3hr821xpfnsm,596311
C001168,2026-08-18,+919024929837,addr_7ew7kp8e532r,835333
C001169,2026-07-26,+917335792784,addr_b0109f5xngeg,572180
C001170,2026-03-24,+919877843996,addr_xinskze113zg,535747
C001171,2026-06-12,+919773902626,addr_7sa99jdgpchr,768681
C001172,2025-09-15,+919984879040,addr_300tfcynferg,224930
C001173,2026-03-28,+919282879515,addr_ha96wbftaaur,595523
C001174,2026-01-21,+916463811538,addr_94yawyldwh2h,301620
C001175,2026-01-03,+919936682441,addr_0ypn6itf5fcl,593397
C001176,2026-02-18,+917549641947,addr_p10bsqq9sq7m,399116
C001177,2026-07-01,+918017613220,addr_oc83oi712z41,688661
C001178,2026-04-20,+917953130337,addr_kpp4wj28ty0r,416219
C001179,2025-12-28,+918385374369,addr_4qainq4hjse4,779365
C001180,2026-08-24,+916422990391,addr_yxi7xus26esq,184511
C001181,2025-12-20,+918331031188,addr_8j3t0nspxs3m,811102
C001182,2026-03-09,+918511166083,addr_71k9gsjedft1,759346
C001183,2025-10-12,+917431466175,addr_7iryk6zrxrpz,315435
C001184,2026-06-17,+918558683428,addr_qbmudn7xe0ej,417818
C001185,2025-10-27,+919754250995,addr_zfj6wqvsgjqp,276930
C001186,2026-05-14,+918654851181,addr_qbvbbdkh16p9,812279
C001187,2026-04-16,+919472040121,addr_av1fh30yk70b,451594
C001188,2026-01-04,+919659897566,addr_1tbvkmkri037,484609
C001189,2026-03-29,+916282167382,addr_kmd9f0wnh81h,270665
C001190,2025-12-24,+917992071183,addr_shwlll4q06nw,404717
C001191,2026-08-26,+916805992381,addr_f6n9nmpoghdv,465802
C001192,2026-01-17,+917337220893,addr_ly3x3zdwqshb,184126
C001193,2025-11-07,+917640776335,addr_1w5sueazpm5v,382128
C001194,2026-08-22,+919900590673,addr_wk5oke0suy34,565730
C001195,2026-04-09,+916224266469,addr_6b5magvobnp3,158139
C001196,2026-01-12,+917916745413,addr_6x8z84hm5x8y,268651
C001197,2026-03-23,+916113871785,addr_uylm32k5jnc3,495982
C001198,2026-06-04,+919282668453,addr_cc97p77tvu6e,422625
C001199,2026-05-19,+918550518879,addr_98yrfjer7t38,600326
C001200,2026-04-05,+916084014805,addr_tbdzaps5ss7w,124939
C001201,2025-09-13,+919159956395,addr_r5lnhnj21asr,630481
C001202,2025-11-22,+917707779121,addr_yeu4j0v9yend,131995
C001203,2026-03-17,+918398908496,addr_d9b477oxh452,579924
C001204,2026-08-05,+917120020523,addr_pndqru601cbw,783575
C001205,2026-01-01,+916779704971,addr_4s2n7529vw1e,713288
C001206,2025-10-08,+916727679670,addr_5fvcatqjg0x7,235967
C001207,2026-06-15,+916735671686,addr_jmsezbcwvcma,826988
C001208,2025-10-16,+917916853732,addr_7qyeq7jx3i8o,397246
C001209,2026-07-23,+919857165041,addr_0hbrhs0umitz,498565
C001210,2026-04-20,+916052684879,addr_q1db7x4ya86i,884168
C001211,2026-05-26,+919694416364,addr_lm1nixqz22f6,106102
C001212,2026-05-20,+917255550979,addr_9lyftrupyitb,648561
C001213,2025-12-18,+916010165942,addr_rh2i33mxcdoo,339920
C001214,2026-02-17,+918718335109,addr_ppl8hyoovcl5,101718
C001215,2026-02-04,+919567614225,addr_ulympbzehmzc,489407
C001216,2026-07-05,+917103887807,addr_uuni27lh0qv4,504117
C001217,2026-08-18,+916830349629,addr_4uopvbvp7l3m,878831
C001218,2026-04-10,+918562310098,addr_cl73izbhapgi,438666
C001219,2025-10-02,+919387719024,addr_gkvgdax1p2h6,368112
C001220,2025-12-09,+916641502702,addr_4qo9cqd50a5g,272528
C001221,2025-12-02,+919478456701,addr_q4mr0zvzydr5,842671
C001222,2026-08-07,+916020856693,addr_ke0qa5i2bo4r,360814
C001223,2026-03-29,+919438421338,addr_9ufvlnqj0piz,489264
C001224,2026-06-06,+918614688020,addr_c33h8ccuz2s3,800748
C001225,2026-08-13,+918274895718,addr_g4yzey8jz0kp,376108
C001226,2026-03-19,+919470953701,addr_eeq8twuiymvo,230686
C001227,2026-08-05,+916066991907,addr_muzjic4gqg4j,525592
C001228,2026-03-26,+917407976017,addr_ktttnl8cd6wf,409369
C001229,2025-10-01,+916543348139,addr_hr8be1ng01iw,862841
C001230,2026-01-09,+917777501432,addr_ghe7q0shac8x,251077
C001231,2026-02-12,+917928758037,addr_d8vdcry63lnj,788778
C001232,2025-12-10,+917701903383,addr_nhzrdma7rfdd,823681
C001233,2026-03-06,+916657147874,addr_g93kqh0ukijt,892678
C001234,2025-10-21,+919344754766,addr_hw867cno8mk6,843461
C001235,2025-12-12,+917594206669,addr_tz7an5j68pug,111707
C001236,2026-07-16,+919472064568,addr_pb18995wrq7x,666063
C001237,2025-12-03,+918222293521,addr_h4sgz713xw8u,413168
C001238,2026-02-13,+917240180906,addr_faybstjj8462,206433
C001239,2025-10-22,+919895839138,addr_gldpwkoxy596,578490
C001240,2025-10-10,+917586337221,addr_5vu0b3b7jlkg,329868
C001241,2025-09-01,+919537944204,addr_s6iom45l8z8u,247751
C001242,2026-08-18,+919920417273,addr_rg4xhjq6dgh8,363015
C001243,2025-12-08,+918605353848,addr_2ya7ck6nze9r,108241
C001244,2026-08-27,+916245879930,addr_q18pmjzxl7ho,206183
C001245,2026-06-23,+918859280974,addr_u06f02nq208t,759266
C001246,2026-06-18,+919216281035,addr_7nh2j7evjthe,629699
C001247,2026-05-24,+918456416111,addr_2gynpk31ehnh,421073
C001248,2025-12-04,+919655379391,addr_d6rc9y88lo3t,705795
C001249,2026-07-05,+919232047671,addr_tyhvek1xn73b,244367
C001250,2025-12-19,+918942486433,addr_xi1ouhs8vvxj,392651
C001251,2026-06-14,+916667956711,addr_nd65eqxpn8bf,622053
C001252,2025-10-16,+917685626259,addr_fkknwps8joq1,200324
C001253,2026-05-05,+917831678275,addr_jg3bjlzxhfre,230702
C001254,2026-08-11,+916618640286,addr_u2ejtjqliuso,154628
C001255,2026-02-07,+919970189335,addr_i3vwtdj97lvk,759484
C001256,2025-11-05,+916415733660,addr_7h6ql90i6ji1,865549
C001257,2025-12-10,+918123855203,addr_4byaf7xyrufh,678516
C001258,2025-11-02,+917636323742,addr_kppesn6pzm2g,837501
C001259,2026-07-27,+917071466752,addr_38semipk9ty2,624059
C001260,2025-12-25,+918188758153,addr_7jn6pfjnc43h,623535
C001261,2025-09-20,+916955481643,addr_bhsvoc6gi4y2,771175
C001262,2026-02-10,+918974663313,addr_5j3eo4yfel5c,266160
C001263,2026-01-28,+918132566881,addr_7h7pap10peqi,173344
C001264,2026-03-17,+919404727232,addr_q4133h360i5j,303329
C001265,2026-07-08,+919659277468,addr_3yzjdptuf6lc,481219
C001266,2026-05-11,+919020225241,addr_0qzcrjdrwmig,418619
C001267,2026-03-19,+918325546627,addr_p1ue0ucqtqxt,717788
C001268,2025-11-05,+919214728240,addr_r3l1udezp5ds,643375
C001269,2025-12-12,+919253126236,addr_avctq7wos4f6,236912
C001270,2026-01-21,+919377904987,addr_jmmtx98me5bl,368571
C001271,2026-06-19,+918839107046,addr_p60l9hu2airy,887199
C001272,2026-02-01,+918792135233,addr_f5a1d57abtfx,470368
C001273,2025-12-23,+916174374032,addr_1dxbwfrs31mg,613559
C001274,2026-01-20,+917923456229,addr_ltmmp8anl5kz,156793
C001275,2025-10-16,+916001345850,addr_4dwmn0imhqtu,212726
C001276,2026-03-17,+919106110225,addr_mhf6ipnv1rjd,100456
C001277,2026-03-03,+918768991880,addr_y9n0mtqo0wxh,577454
C001278,2026-06-19,+917690070445,addr_sm0oxxp3znih,795806
C001279,2026-07-22,+917085206942,addr_34963qecq4vi,325075
C001280,2026-06-18,+917581268313,addr_bfwy3x633ypm,502842
C001281,2026-01-11,+919925748999,addr_6t8d2iuoy5v1,284465
C001282,2026-03-23,+917294802367,addr_hlr39ud4wz6f,774295
C001283,2025-12-16,+917601497520,addr_nmw1xqdkz0re,880422
C001284,2025-10-17,+916186877941,addr_u912t127c1vd,775914
C001285,2025-09-07,+916159019470,addr_e820tugwqhay,771790
C001286,2025-11-29,+919832321733,addr_9jdp3sy8amko,195256
C001287,2026-02-25,+919207470992,addr_ua7ne09gcx43,392355
C001288,2026-06-25,+918901055734,addr_3ur6h2bq3tq8,310317
C001289,2025-09-11,+917836912153,addr_y3ssqovn4xq8,667031
C001290,2025-10-24,+917537081339,addr_9wdifef9v8kg,370944
C001291,2025-11-14,+919612673344,addr_jkeg3umrj9qv,604924
C001292,2026-03-13,+917819069617,addr_gzwk2ugazahm,197699
C001293,2026-03-06,+916144959666,addr_hkqvwkr9rh3s,281675
C001294,2026-08-23,+917739038829,addr_iy6z6p9i4az0,776534
C001295,2026-04-22,+917166563098,addr_dfw5hf4bpmaa,499885
C001296,2025-11-05,+918939474559,addr_3j2wu9h0rwve,426616
C001297,2026-03-23,+918865363559,addr_oqybns0waci4,160479
C001298,2025-11-14,+918477676019,addr_avb18v4ewnqp,731073
C001299,2025-10-24,+918326766372,addr_7sibeom7dhus,763383
C001300,2026-01-04,+917510873800,addr_0x4dntk174t9,460983
C001301,2026-02-21,+916444086498,addr_2p3q953t8rbx,491131
C001302,2026-08-05,+916773813844,addr_vlljgp5ktfhg,632021
C001303,2026-06-15,+917473271969,addr_4xo8a3x6z8tu,545644
C001304,2026-04-08,+916146034325,addr_chld8gmvb14k,576472
C001305,2026-04-19,+919058819858,addr_keu7rx7vznsq,111418
C001306,2026-04-01,+917803949841,addr_s27t25g4cur4,525283
C001307,2026-05-20,+917237806382,addr_21khl6gjj0bd,608836
C001308,2026-03-16,+918947151262,addr_dgzc9e9x1xwj,808179
C001309,2026-01-21,+917301187391,addr_d5tefvbqj15r,153003
C001310,2025-11-06,+916915434987,addr_76a5wv5g8fu5,471217
C001311,2026-04-06,+918319600452,addr_jtyc521gthk0,413871
C001312,2026-04-30,+919739674287,addr_rpwfsdfjp8dr,519313
C001313,2026-05-22,+919566763169,addr_jn3xut07clht,219425
C001314,2026-05-06,+916553320432,addr_j3f7dew8vh3c,298703
C001315,2026-06-16,+918260805354,addr_zxdg2iiog1oq,164425
C001316,2025-12-10,+917739428697,addr_dkqyy20ygqhh,408487
C001317,2025-12-06,+916825810751,addr_qmxu7h7914zb,688024
C001318,2025-09-09,+917442759623,addr_2n2t2ez96msf,258633
C001319,2026-06-20,+918122910932,addr_rynhml48sk5u,541373
C001320,2025-09-12,+918839877907,addr_kpcf0qyzkh8c,878627
C001321,2026-07-22,+917661502771,addr_waflh54vhw4h,852418
C001322,2025-12-23,+919392384028,addr_qmiy6zkxnlly,781671
C001323,2026-05-13,+919046295389,addr_v5sj0651cmw9,762001
C001324,2026-03-10,+917304113991,addr_enx0xcej94bl,154850
C001325,2026-08-22,+917497891292,addr_corf0hooobfn,774904
C001326,2025-09-08,+916217893926,addr_imilfyrbfko2,137050
C001327,2026-07-02,+919964932772,addr_jbaj4gb0ngwg,319625
C001328,2025-09-10,+917209604933,addr_9w4zega9qaie,610264
C001329,2026-02-19,+917631570543,addr_t16y3ououeop,673727
C001330,2026-03-26,+917586804092,addr_22l5hfx0w5gm,640180
C001331,2025-10-23,+919780228478,addr_p3f3khhco1xj,280959
C001332,2025-11-23,+917913250870,addr_htrvr1v7a5fj,635467
C001333,2025-11-29,+919931620976,addr_te0whral8oke,409554
C001334,2026-06-16,+916097137661,addr_9u07rxu9mlj1,361943
C001335,2025-11-09,+919307300870,addr_ywev11fuarzy,101626
C001336,2026-06-29,+916460277817,addr_hs09udgrzwja,224810
C001337,2026-01-10,+918488516367,addr_cj3ljb6cwpkz,808170
C001338,2026-01-04,+917454585043,addr_kgnw88dx784l,745612
C001339,2025-09-25,+917374690701,addr_em4psy0e56v2,536585
C001340,2025-11-13,+918827819990,addr_smqic0sjpqdg,399915
C001341,2026-04-20,+918892250639,addr_8xpxbsybwz36,865061
C001342,2026-07-07,+918697954709,addr_a6kfl8732lkw,372709
C001343,2026-02-03,+917312858580,addr_tfjlxcsult7m,754428
C001344,2025-11-27,+919891545863,addr_xnm4hgiydtpm,481062
C001345,2025-09-04,+917230020600,addr_hn0mtpqd9eim,436121
C001346,2025-12-08,+918220092421,addr_8yb2c1rc3lz6,312021
C001347,2026-04-17,+916826015843,addr_niyhutazqef1,224693
C001348,2025-10-09,+916436303471,addr_eyowrxqa2ywx,644816
C001349,2025-10-15,+919166561003,addr_2fuju4f3gixg,485732
C001350,2026-04-06,+919098997244,addr_py9ziwmapff6,891263
C001351,2026-04-01,+916817941007,addr_ocu9xx7k7j2w,543103
C001352,2026-07-01,+919360137785,addr_j5j5hwinacu8,173324
C001353,2026-04-03,+916458641671,addr_q7n9oxtbryxq,739595
C001354,2025-11-08,+917350196102,addr_nj682dyc344n,327792
C001355,2026-03-18,+917486321779,addr_cgckv94cheic,586785
C001356,2025-11-02,+918146690324,addr_wffoqu4el49r,634946
C001357,2026-01-12,+916562292467,addr_jusfb4w1zgmq,434872
C001358,2026-03-16,+919320290098,addr_v5ehu3beey5p,823683
C001359,2026-08-21,+918383252083,addr_12v7nkubuhoh,411283
C001360,2025-11-19,+919232712414,addr_erdmjkbsyh5u,688035
C001361,2026-05-11,+918808553796,addr_50kzbtrd3vk8,750277
C001362,2025-09-26,+916868851885,addr_uo9s5pbswmj7,637872
C001363,2026-06-01,+916053462320,addr_58x1v397abro,673091
C001364,2026-06-07,+916507600386,addr_r1sg9h9cjbvn,884402
C001365,2025-10-06,+918879737349,addr_li1bng297f92,602321
C001366,2026-04-23,+918121151753,addr_8zdrnpmcsuz6,853441
C001367,2026-08-07,+918814124838,addr_cd1czgnhiugj,317701
C001368,2026-02-19,+916509693704,addr_08krwv4aqfef,384922
C001369,2026-06-05,+919638824238,addr_sodbbuaqcqle,529895
C001370,2025-10-01,+917604467467,addr_cqsiz4jpwgtn,857583
C001371,2025-10-08,+918017177932,addr_ewaaybynx8z7,204382
C001372,2026-07-21,+919408623335,addr_9euwydq7ne26,507123
C001373,2025-10-31,+919857643355,addr_7vfl2wq8j5n6,203447
C001374,2026-01-25,+918335802355,addr_ijmsysjrcgnb,378321
C001375,2025-11-22,+916234651749,addr_l7d2svsu9wsg,124112
C001376,2025-11-04,+918231614033,addr_l0y3qtvzldrq,325124
C001377,2025-09-26,+919639699953,addr_55d0rfa69v51,139537
C001378,2025-11-22,+918389187373,addr_ynpxgigx7biy,650736
C001379,2026-06-03,+918217788085,addr_3jz5tgqcpj38,787598
C001380,2025-11-20,+916267430419,addr_k5aqerlc81mv,549127
C001381,2026-02-24,+916450295580,addr_t63bayknysrt,282021
C001382,2026-07-06,+916312355306,addr_o5g37uj8bq4l,638685
C001383,2026-05-14,+918911134669,addr_3kgoulq3jv64,229487
C001384,2025-10-13,+919760748884,addr_eq499i3vuwpx,680897
C001385,2026-06-18,+916609783126,addr_7kwyo3uu5fqy,139014
C001386,2026-01-22,+917702789724,addr_v4osnfl3cgh8,457191
C001387,2026-05-19,+916247115399,addr_b0zcjyk9wupb,862051
C001388,2025-12-02,+916747535096,addr_90dhdilbat1c,535645
C001389,2026-07-25,+918960972506,addr_2xm0gfnt6r8h,385348
C001390,2026-07-30,+916122630988,addr_dyrjlc17ht9d,203507
C001391,2025-10-21,+916793820631,addr_md2mtvvril7n,117956
C001392,2026-05-05,+916453957091,addr_l6r7fpq8hlkc,583583
C001393,2026-01-31,+917550458447,addr_lxf6n2icaj3n,415643
C001394,2026-01-08,+918626870304,addr_0h1orpm2nipx,373395
C001395,2025-10-22,+918335017517,addr_bmwtgpsu968r,411153
C001396,2025-12-05,+918467143675,addr_clfx4y1hfsog,150248
C001397,2025-12-26,+917283637799,addr_bl4i1bunl88k,413009
C001398,2026-02-12,+919078371632,addr_4e9c7ay15zn6,337041
C001399,2026-05-03,+916825323884,addr_zyui41lhvmyp,386486
C001400,2025-10-21,+916524197557,addr_e6liphti74d9,849165
C001401,2026-04-29,+916849114499,addr_xgruwo71xl34,578910
C001402,2026-06-08,+918660374036,addr_j0c8catqmmw9,535649
C001403,2026-03-09,+917463175073,addr_4qv5751rmfci,624813
C001404,2026-01-17,+919883359192,addr_pb1uyya13d0g,677315
C001405,2025-10-09,+919815973404,addr_pzrx3lcfy6re,838302
C001406,2025-12-13,+916113153370,addr_9mw1jxcimpzy,484090
C001407,2025-11-05,+916999081785,addr_0zavwwo5y0rg,421335
C001408,2026-02-05,+918746188893,addr_0a25a2nqu398,452303
C001409,2026-06-19,+916942037574,addr_vvgkjtccg8oa,306152
C001410,2025-09-18,+919103656244,addr_pyvjb3r5372l,197669
C001411,2026-05-10,+918450540064,addr_774uvg0i9d5w,411657
C001412,2026-01-24,+917270278949,addr_8vpk6nmdtvx5,710421
C001413,2025-12-08,+918319109312,addr_yggtjmhy2mwl,132080
C001414,2026-04-06,+919527884694,addr_alhpr4makf8b,128645
C001415,2026-08-04,+918460194058,addr_soqhx18gmw4o,539163
C001416,2026-03-30,+916632693743,addr_i17sm1do5aeq,476897
C001417,2026-01-04,+918475127374,addr_jzx4pzqsk1lg,255913
C001418,2026-08-27,+917117856045,addr_85pq0ofs92dm,263757
C001419,2026-08-15,+918044999058,addr_q9wv7oa04wfh,117551
C001420,2026-02-12,+917941739082,addr_ytjayg6y2rj3,315872
C001421,2026-02-15,+917433813078,addr_j2cpyyr2hmgi,467095
C001422,2025-11-09,+919161033309,addr_pbdmy0bb96jn,282634
C001423,2026-06-03,+916707486596,addr_vwxkkni6zmcf,502648
C001424,2026-08-22,+916925713100,addr_x737slj76vgr,698024
C001425,2026-05-07,+916115756942,addr_5u93qiht6rdk,697439
C001426,2025-10-22,+917571348151,addr_np08d72wt55m,878674
C001427,2026-02-10,+916900699750,addr_w2s0azfdf2n6,820424
C001428,2025-09-20,+917262592801,addr_wi6a8i93w1h8,885855
C001429,2026-04-11,+917317531982,addr_a1aeiqyx6hsm,381954
C001430,2025-09-25,+919220520780,addr_8lbtq6xnlb2w,696455
C001431,2025-09-10,+919290970231,addr_1hzinuc280o6,207251
C001432,2025-09-05,+918767504028,addr_5853e8jes5ka,153565
C001433,2026-04-04,+918498273547,addr_l325evbx0p99,533013
C001434,2025-10-08,+917476593226,addr_k2oj3tsj2l5j,568480
C001435,2026-06-20,+919362844288,addr_fxd6d925yidk,245940
C001436,2026-01-01,+917053158337,addr_j19eo6qh8878,109981
C001437,2025-09-17,+916940689893,addr_lic2p5rgt0md,129167
C001438,2026-03-03,+918829622715,addr_mc3rkwladig8,456105
C001439,2026-03-29,+916363327637,addr_zkxlpnebqnca,450375
C001440,2026-07-17,+918191009947,addr_rmk6fhycs82b,274813
C001441,2026-07-04,+919399503234,addr_lk5qsibvwwkh,692572
C001442,2025-12-13,+916369403089,addr_ecpq4v86mtta,567372
C001443,2026-06-19,+919366999882,addr_zlgnq0dr4hsa,182069
C001444,2025-09-06,+918619707970,addr_a8wb7rmk1736,609271
C001445,2026-02-23,+918942991119,addr_stk5cx0ux5fn,683725
C001446,2026-08-02,+917131719566,addr_ybobv212datk,772820
C001447,2026-01-03,+918789770505,addr_3c0li01jpklq,791601
C001448,2025-12-16,+917212901017,addr_i4paky3r9u7j,364849
C001449,2025-11-15,+919022140997,addr_x4wk3j93glj1,742744
C001450,2026-06-27,+918692360782,addr_kn2i9sdr5swf,118335
C001451,2026-01-11,+919694529146,addr_fbpdyf5adiej,179032
C001452,2026-06-26,+918699517488,addr_hmez0bcvkkq8,152862
C001453,2026-07-08,+919545783691,addr_6w0w4aglsk6m,622251
C001454,2026-08-08,+918392671590,addr_tjkfeh29y3fg,252715
C001455,2026-06-26,+918395621690,addr_pi5ntf559mps,313903
C001456,2025-11-29,+919409873574,addr_auolbunwe3lx,284638
C001457,2025-11-28,+919511189709,addr_khsk054xt02t,832593
C001458,2026-05-17,+918073334352,addr_mqtq76l6smv9,194359
C001459,2026-04-28,+917165990748,addr_aeyeioeqba7n,759392
C001460,2025-09-08,+919276838472,addr_eq4wsjhapn9n,649326
C001461,2025-09-30,+918078720675,addr_oiaobos34tas,237815
C001462,2025-09-17,+919246757083,addr_62nzmxp53kpq,232092
C001463,2026-07-08,+918874683108,addr_alcsn8xbg1wh,305123
C001464,2026-04-13,+919877074514,addr_nwzp23wuy1mc,582668
C001465,2026-02-03,+918481235883,addr_b7ryeb5bkano,509646
C001466,2025-11-04,+916984745745,addr_748ecaubg95j,396348
C001467,2025-12-07,+916991053278,addr_md5ccputuw13,716089
C001468,2026-02-14,+916744434373,addr_uddlv9snu32m,576493
C001469,2026-07-29,+916699537369,addr_ma7tawb8do68,845566
C001470,2025-11-17,+916811629518,addr_6rmmj8ftzuez,540909
C001471,2026-05-18,+919378139020,addr_4m186thpyl4w,442773
C001472,2025-09-13,+917412741451,addr_oza3fhw7wus8,723174
C001473,2025-10-23,+917867706709,addr_0t3y0yd4hh9b,152224
C001474,2025-10-28,+916222946961,addr_ge42updb5wj9,510000
C001475,2026-02-01,+918288573725,addr_0eyjhz6nja2b,755228
C001476,2025-10-09,+919166239917,addr_m1swo5j91br0,818169
C001477,2026-01-07,+919756589286,addr_f47vyo7jseid,465234
C001478,2025-11-12,+918048786575,addr_orbruh5jn863,212384
C001479,2026-07-07,+918169316036,addr_5gmofjoukeaw,735593
C001480,2026-02-12,+916786913096,addr_5c1004h68296,288104
C001481,2026-04-13,+917921423749,addr_zae2gxpotjfk,169489
C001482,2026-02-23,+916936929033,addr_84riy8kf685h,795741
C001483,2026-07-09,+917736746990,addr_sl6fmlnaa3m5,627687
C001484,2026-07-04,+917005524328,addr_n0ha6vevd4v5,553804
C001485,2026-02-03,+919681504000,addr_8wozpzs4m7td,483890
C001486,2025-10-19,+917217504197,addr_p1xyd7gao7o2,737112
C001487,2026-01-04,+916294855629,addr_8w5q6xwu2t0z,291249
C001488,2026-07-14,+916422405658,addr_gb8433mfl8oo,752339
C001489,2026-07-05,+917105912302,addr_orz1f6aj123n,466873
C001490,2025-12-03,+918609329373,addr_bpfykoor577p,809944
C001491,2026-06-21,+919650256374,addr_2go8998rsw89,885781
C001492,2025-10-06,+919672228084,addr_d0decq2tmz7n,376063
C001493,2025-11-05,+919778454020,addr_7sgpbwdwspwx,440485
C001494,2026-06-18,+918783835890,addr_nsakme02kiky,895997
C001495,2025-12-29,+917662290042,addr_229c5z8xrl2z,572560
C001496,2025-12-01,+918017815134,addr_tx25pr9dwcri,299196
C001497,2025-11-07,+919009455106,addr_yy40rhjwgsls,540850
C001498,2026-05-04,+919947537579,addr_4refe7nzol63,782965
C001499,2025-12-02,+917725981801,addr_rhyb0mrmweb8,776815
C001500,2026-04-05,+918954234511,addr_y7fk3x2w9uo1,774117
