user_id,cluster_type,cluster_id
C000001,cod_ring,COD_RING_01
C000002,cod_ring,COD_RING_01
C000003,cod_ring,COD_RING_01
C000004,cod_ring,COD_RING_01
C000005,cod_ring,COD_RING_01
C000006,cod_ring,COD_RING_01
C000007,cod_ring,COD_RING_01
C000008,cod_ring,COD_RING_02
C000009,cod_ring,COD_RING_02
C000010,cod_ring,COD_RING_02
C000011,cod_ring,COD_RING_03
C000012,cod_ring,COD_RING_03
C000013,cod_ring,COD_RING_03
C000014,cod_ring,COD_RING_03
C000015,cod_ring,COD_RING_03
C000016,cod_ring,COD_RING_03
C000017,cod_ring,COD_RING_03
C000018,cod_ring,COD_RING_04
C000019,cod_ring,COD_RING_04
C000020,cod_ring,COD_RING_04
C000021,cod_ring,COD_RING_04
C000022,cod_ring,COD_RING_04
C000023,cod_ring,COD_RING_05
C000024,cod_ring,COD_RING_05
C000025,cod_ring,COD_RING_05
C000026,cod_ring,COD_RING_05
C000027,cod_ring,COD_RING_06
C000028,cod_ring,COD_RING_06
C000029,cod_ring,COD_RING_06
C000030,cod_ring,COD_RING_06
C000031,cod_ring,COD_RING_06
C000032,cod_ring,COD_RING_06
C000033,cod_ring,COD_RING_07
C000034,cod_ring,COD_RING_07
C000035,cod_ring,COD_RING_07
C000036,cod_ring,COD_RING_07
C000037,cod_ring,COD_RING_07
C000038,cod_ring,COD_RING_07
C000039,cod_ring,COD_RING_07
C000040,cod_ring,COD_RING_07
C000041,cod_ring,COD_RING_07
C000042,cod_ring,COD_RING_07
C000043,cod_ring,COD_RING_08
C000044,cod_ring,COD_RING_08
C000045,cod_ring,COD_RING_08
C000046,cod_ring,COD_RING_08
C000047,cod_ring,COD_RING_08
C000048,cod_ring,COD_RING_08
C000049,cod_ring,COD_RING_08
C000050,cod_ring,COD_RING_08
C000051,cod_ring,COD_RING_09
C000052,cod_ring,COD_RING_09
C000053,cod_ring,COD_RING_09
C000054,cod_ring,COD_RING_09
C000055,cod_ring,COD_RING_09
C000056,cod_ring,COD_RING_09
C000057,cod_ring,COD_RING_10
C000058,cod_ring,COD_RING_10
C000059,cod_ring,COD_RING_10
C000060,cod_ring,COD_RING_10
C000061,cod_ring,COD_RING_10
C000062,cod_ring,COD_RING_10
C000063,cod_confounder,COD_CONF_01
C000064,cod_confounder,COD_CONF_01
C000065,cod_confounder,COD_CONF_01
C000066,cod_confounder,COD_CONF_01
C000067,cod_confounder,COD_CONF_01
C000068,cod_confounder,COD_CONF_01
C000069,cod_confounder,COD_CONF_01
C000070,cod_confounder,COD_CONF_01
C000071,cod_confounder,COD_CONF_01
C000072,cod_confounder,COD_CONF_01
C000073,cod_confounder,COD_CONF_01
C000074,cod_confounder,COD_CONF_02
C000075,cod_confounder,COD_CONF_02
C000076,cod_confounder,COD_CONF_02
C000077,cod_confounder,COD_CONF_02
C000078,cod_confounder,COD_CONF_02
C000079,cod_confounder,COD_CONF_02
C000080,cod_confounder,COD_CONF_02
C000081,cod_confounder,COD_CONF_02
C000082,cod_confounder,COD_CONF_02
C000083,cod_confounder,COD_CONF_02
C000084,cod_confounder,COD_CONF_02
C000085,cod_confounder,COD_CONF_02
C000086,cod_confounder,COD_CONF_03
C000087,cod_confounder,COD_CONF_03
C000088,cod_confounder,COD_CONF_03
C000089,cod_confounder,COD_CONF_03
C000090,cod_confounder,COD_CONF_03
C000091,cod_confounder,COD_CONF_03
C000092,cod_confounder,COD_CONF_04
C000093,cod_confounder,COD_CONF_04
C000094,cod_confounder,COD_CONF_04
C000095,cod_confounder,COD_CONF_04
C000096,cod_confounder,COD_CONF_04
C000097,cod_confounder,COD_CONF_04
C000098,cod_confounder,COD_CONF_04
C000099,cod_confounder,COD_CONF_04
C000100,cod_confounder,COD_CONF_04
C000101,cod_confounder,COD_CONF_04
C000102,cod_confounder,COD_CONF_04
C000103,cod_confounder,COD_CONF_04
C000104,cod_confounder,COD_CONF_05
C000105,cod_confounder,COD_CONF_05
C000106,cod_confounder,COD_CONF_05
C000107,cod_confounder,COD_CONF_05
C000108,cod_confounder,COD_CONF_05
C000109,cod_confounder,COD_CONF_05
C000110,cod_confounder,COD_CONF_05
C000111,cod_confounder,COD_CONF_05
C000112,cod_confounder,COD_CONF_05
C000113,cod_confounder,COD_CONF_05
C000114,cod_confounder,COD_CONF_06
C000115,cod_confounder,COD_CONF_06
C000116,cod_confounder,COD_CONF_06
C000117,cod_confounder,COD_CONF_06
C000118,cod_confounder,COD_CONF_06
C000119,cod_confounder,COD_CONF_06
C000120,cod_confounder,COD_CONF_06
C000121,cod_confounder,COD_CONF_06
C000122,cod_confounder,COD_CONF_06
C000123,cod_confounder,COD_CONF_06
C000124,cod_confounder,COD_CONF_06
C000125,cod_confounder,COD_CONF_06
C000126,cod_confounder,COD_CONF_06
C000127,background,
C000128,background,
C000129,background,
C000130,background,
C000131,background,
C000132,background,
C000133,background,
C000134,background,
C000135,background,
C000136,background,
C000137,background,
C000138,background,
C000139,background,
C000140,background,
C000141,background,
C000142,background,
C000143,background,
C000144,background,
C000145,background,
C000146,background,
C000147,background,
C000148,background,
C000149,background,
C000150,background,
C000151,background,
C000152,background,
C000153,background,
C000154,background,
C000155,background,
C000156,background,
C000157,background,
C000158,background,
C000159,background,
C000160,background,
C000161,background,
C000162,background,
C000163,background,
C000164,background,
C000165,background,
C000166,background,
C000167,background,
C000168,background,
C000169,background,
C000170,background,
C000171,background,
C000172,background,
C000173,background,
C000174,background,
C000175,background,
C000176,background,
C000177,background,
C000178,background,
C000179,background,
C000180,background,
C000181,background,
C000182,background,
C000183,background,
C000184,background,
C000185,background,
C000186,background,
C000187,background,
C000188,background,
C000189,background,
C000190,background,
C000191,background,
C000192,background,
C000193,background,
C000194,background,
C000195,background,
C000196,background,
C000197,background,
C000198,background,
C000199,background,
C000200,background,
C000201,background,
C000202,background,
C000203,background,
C000204,background,
C000205,background,
C000206,background,
C000207,background,
C000208,background,
C000209,background,
C000210,background,
C000211,background,
C000212,background,
C000213,background,
C000214,background,
C000215,background,
C000216,background,
C000217,background,
C000218,background,
C000219,background,
C000220,background,
C000221,background,
C000222,background,
C000223,background,
C000224,background,
C000225,background,
C000226,background,
C000227,background,
C000228,background,
C000229,background,
C000230,background,
C000231,background,
C000232,background,
C000233,background,
C000234,background,
C000235,background,
C000236,background,
C000237,background,
C000238,background,
C000239,background,
C000240,background,
C000241,background,
C000242,background,
C000243,background,
C000244,background,
C000245,background,
C000246,background,
C000247,background,
C000248,background,
C000249,background,
C000250,background,
C000251,background,
C000252,background,
C000253,background,
C000254,background,
C000255,background,
C000256,background,
C000257,background,
C000258,background,
C000259,background,
C000260,background,
C000261,background,
C000262,background,
C000263,background,
C000264,background,
C000265,background,
C000266,background,
C000267,background,
C000268,background,
C000269,background,
C000270,background,
C000271,background,
C000272,background,
C000273,background,
C000274,background,
C000275,background,
C000276,background,
C000277,background,
C000278,background,
C000279,background,
C000280,background,
C000281,background,
C000282,background,
C000283,background,
C000284,background,
C000285,background,
C000286,background,
C000287,background,
C000288,background,
C000289,background,
C000290,background,
C000291,background,
C000292,background,
C000293,background,
C000294,background,
C000295,background,
C000296,background,
C000297,background,
C000298,background,
C000299,background,
C000300,background,
C000301,background,
C000302,background,
C000303,background,
C000304,background,
C000305,background,
C000306,background,
C000307,background,
C000308,background,
C000309,background,
C000310,background,
C000311,background,
C000312,background,
C000313,background,
C000314,background,
C000315,background,
C000316,background,
C000317,background,
C000318,background,
C000319,background,
C000320,background,
C000321,background,
C000322,background,
C000323,background,
C000324,background,
C000325,background,
C000326,background,
C000327,background,
C000328,background,
C000329,background,
C000330,background,
C000331,background,
C000332,background,
C000333,background,
C000334,background,
C000335,background,
C000336,background,
C000337,background,
C000338,background,
C000339,background,
C000340,background,
C000341,background,
C000342,background,
C000343,background,
C000344,background,
C000345,background,
C000346,background,
C000347,background,
C000348,background,
C000349,background,
C000350,background,
C000351,background,
C000352,background,
C000353,background,
C000354,background,
C000355,background,
C000356,background,
C000357,background,
C000358,background,
C000359,background,
C000360,background,
C000361,background,
C000362,background,
C000363,background,
C000364,background,
C000365,background,
C000366,background,
C000367,background,
C000368,background,
C000369,background,
C000370,background,
C000371,background,
C000372,background,
C000373,background,
C000374,background,
C000375,background,
C000376,background,
C000377,background,
C000378,background,
C000379,background,
C000380,background,
C000381,background,
C000382,background,
C000383,background,
C000384,background,
C000385,background,
C000386,background,
C000387,background,
C000388,background,
C000389,background,
C000390,background,
C000391,background,
C000392,background,
C000393,background,
C000394,background,
C000395,background,
C000396,background,
C000397,background,
C000398,background,
C000399,background,
C000400,background,
C000401,background,
C000402,background,
C000403,background,
C000404,background,
C000405,background,
C000406,background,
C000407,background,
C000408,background,
C000409,background,
C000410,background,
C000411,background,
C000412,background,
C000413,background,
C000414,background,
C000415,background,
C000416,background,
C000417,background,
C000418,background,
C000419,background,
C000420,background,
C000421,background,
C000422,background,
C000423,background,
C000424,background,
C000425,background,
C000426,background,
C000427,background,
C000428,background,
C000429,background,
C000430,background,
C000431,background,
C000432,background,
C000433,background,
C000434,background,
C000435,background,
C000436,background,
C000437,background,
C000438,background,
C000439,background,
C000440,background,
C000441,background,
C000442,background,
C000443,background,
C000444,background,
C000445,background,
C000446,background,
C000447,background,
C000448,background,
C000449,background,
C000450,background,
C000451,background,
C000452,background,
C000453,background,
C000454,background,
C000455,background,
C000456,background,
C000457,background,
C000458,background,
C000459,background,
C000460,background,
C000461,background,
C000462,background,
C000463,background,
C000464,background,
C000465,background,
C000466,background,
C000467,background,
C000468,background,
C000469,background,
C000470,background,
C000471,background,
C000472,background,
C000473,background,
C000474,background,
C000475,background,
C000476,background,
C000477,background,
C000478,background,
C000479,background,
C000480,background,
C000481,background,
C000482,background,
C000483,background,
C000484,background,
C000485,background,
C000486,background,
C000487,background,
C000488,background,
C000489,background,
C000490,background,
C000491,background,
C000492,background,
C000493,background,
C000494,background,
C000495,background,
C000496,background,
C000497,background,
C000498,background,
C000499,background,
C000500,background,
C000501,background,
C000502,background,
C000503,background,
C000504,background,
C000505,background,
C000506,background,
C000507,background,
C000508,background,
C000509,background,
C000510,background,
C000511,background,
C000512,background,
C000513,background,
C000514,background,
C000515,background,
C000516,background,
C000517,background,
C000518,background,
C000519,background,
C000520,background,
C000521,background,
C000522,background,
C000523,background,
C000524,background,
C000525,background,
C000526,background,
C000527,background,
C000528,background,
C000529,background,
C000530,background,
C000531,background,
C000532,background,
C000533,background,
C000534,background,
C000535,background,
C000536,background,
C000537,background,
C000538,background,
C000539,background,
C000540,background,
C000541,background,
C000542,background,
C000543,background,
C000544,background,
C000545,background,
C000546,background,
C000547,background,
C000548,background,
C000549,background,
C000550,background,
C000551,background,
C000552,background,
C000553,background,
C000554,background,
C000555,background,
C000556,background,
C000557,background,
C000558,background,
C000559,background,
C000560,background,
C000561,background,
C000562,background,
C000563,background,
C000564,background,
C000565,background,
C000566,background,
C000567,background,
C000568,background,
C000569,background,
C000570,background,
C000571,background,
C000572,background,
C000573,background,
C000574,background,
C000575,background,
C000576,background,
C000577,background,
C000578,background,
C000579,background,
C000580,background,
C000581,background,
C000582,background,
C000583,background,
C000584,background,
C000585,background,
C000586,background,
C000587,background,
C000588,background,
C000589,background,
C000590,background,
C000591,background,
C000592,background,
C000593,background,
C000594,background,
C000595,background,
C000596,background,
C000597,background,
C000598,background,
C000599,background,
C000600,background,
C000601,background,
C000602,background,
C000603,background,
C000604,background,
C000605,background,
C000606,background,
C000607,background,
C000608,background,
C000609,background,
C000610,background,
C000611,background,
C000612,background,
C000613,background,
C000614,background,
C000615,background,
C000616,background,
C000617,background,
C000618,background,
C000619,background,
C000620,background,
C000621,background,
C000622,background,
C000623,background,
C000624,background,
C000625,background,
C000626,background,
C000627,background,
C000628,background,
C000629,background,
C000630,background,
C000631,background,
C000632,background,
C000633,background,
C000634,background,
C000635,background,
C000636,background,
C000637,background,
C000638,background,
C000639,background,
C000640,background,
C000641,background,
C000642,background,
C000643,background,
C000644,background,
C000645,background,
C000646,background,
C000647,background,
C000648,background,
C000649,background,
C000650,background,
C000651,background,
C000652,background,
C000653,background,
C000654,background,
C000655,background,
C000656,background,
C000657,background,
C000658,background,
C000659,background,
C000660,background,
C000661,background,
C000662,background,
C000663,background,
C000664,background,
C000665,background,
C000666,background,
C000667,background,
C000668,background,
C000669,background,
C000670,background,
C000671,background,
C000672,background,
C000673,background,
C000674,background,
C000675,background,
C000676,background,
C000677,background,
C000678,background,
C000679,background,
C000680,background,
C000681,background,
C000682,background,
C000683,background,
C000684,background,
C000685,background,
C000686,background,
C000687,background,
C000688,background,
C000689,background,
C000690,background,
C000691,background,
C000692,background,
C000693,background,
C000694,background,
C000695,background,
C000696,background,
C000697,background,
C000698,background,
C000699,background,
C000700,background,
C000701,background,
C000702,background,
C000703,background,
C000704,background,
C000705,background,
C000706,background,
C000707,background,
C000708,background,
C000709,background,
C000710,background,
C000711,background,
C000712,background,
C000713,background,
C000714,background,
C000715,background,
C000716,background,
C000717,background,
C000718,background,
C000719,background,
C000720,background,
C000721,background,
C000722,background,
C000723,background,
C000724,background,
C000725,background,
C000726,background,
C000727,background,
C000728,background,
C000729,background,
C000730,background,
C000731,background,
C000732,background,
C000733,background,
C000734,background,
C000735,background,
C000736,background,
C000737,background,
C000738,background,
C000739,background,
C000740,background,
C000741,background,
C000742,background,
C000743,background,
C000744,background,
C000745,background,
C000746,background,
C000747,background,
C000748,background,
C000749,background,
C000750,background,
C000751,background,
C000752,background,
C000753,background,
C000754,background,
C000755,background,
C000756,background,
C000757,background,
C000758,background,
C000759,background,
C000760,background,
C000761,background,
C000762,background,
C000763,background,
C000764,background,
C000765,background,
C000766,background,
C000767,background,
C000768,background,
C000769,background,
C000770,background,
C000771,background,
C000772,background,
C000773,background,
C000774,background,
C000775,background,
C000776,background,
C000777,background,
C000778,background,
C000779,background,
C000780,background,
C000781,background,
C000782,background,
C000783,background,
C000784,background,
C000785,background,
C000786,background,
C000787,background,
C000788,background,
C000789,background,
C000790,background,
C000791,background,
C000792,background,
C000793,background,
C000794,background,
C000795,background,
C000796,background,
C000797,background,
C000798,background,
C000799,background,
C000800,background,
C000801,background,
C000802,background,
C000803,background,
C000804,background,
C000805,background,
C000806,background,
C000807,background,
C000808,background,
C000809,background,
C000810,background,
C000811,background,
C000812,background,
C000813,background,
C000814,background,
C000815,background,
C000816,background,
C000817,background,
C000818,background,
C000819,background,
C000820,background,
C000821,background,
C000822,background,
C000823,background,
C000824,background,
C000825,background,
C000826,background,
C000827,background,
C000828,background,
C000829,background,
C000830,background,
C000831,background,
C000832,background,
C000833,background,
C000834,background,
C000835,background,
C000836,background,
C000837,background,
C000838,background,
C000839,background,
C000840,background,
C000841,background,
C000842,background,
C000843,background,
C000844,background,
C000845,background,
C000846,background,
C000847,background,
C000848,background,
C000849,background,
C000850,background,
C000851,background,
C000852,background,
C000853,background,
C000854,background,
C000855,background,
C000856,background,
C000857,background,
C000858,background,
C000859,background,
C000860,background,
C000861,background,
C000862,background,
C000863,background,
C000864,background,
C000865,background,
C000866,background,
C000867,background,
C000868,background,
C000869,background,
C000870,background,
C000871,background,
C000872,background,
C000873,background,
C000874,background,
C000875,background,
C000876,background,
C000877,background,
C000878,background,
C000879,background,
C000880,background,
C000881,background,
C000882,background,
C000883,background,
C000884,background,
C000885,background,
C000886,background,
C000887,background,
C000888,background,
C000889,background,
C000890,background,
C000891,background,
C000892,background,
C000893,background,
C000894,background,
C000895,background,
C000896,background,
C000897,background,
C000898,background,
C000899,background,
C000900,background,
C000901,background,
C000902,background,
C000903,background,
C000904,background,
C000905,background,
C000906,background,
C000907,background,
C000908,background,
C000909,background,
C000910,background,
C000911,background,
C000912,background,
C000913,background,
C000914,background,
C000915,background,
C000916,background,
C000917,background,
C000918,background,
C000919,background,
C000920,background,
C000921,background,
C000922,background,
C000923,background,
C000924,background,
C000925,background,
C000926,background,
C000927,background,
C000928,background,
C000929,background,
C000930,background,
C000931,background,
C000932,background,
C000933,background,
C000934,background,
C000935,background,
C000936,background,
C000937,background,
C000938,background,
C000939,background,
C000940,background,
C000941,background,
C000942,background,
C000943,background,
C000944,background,
C000945,background,
C000946,background,
C000947,background,
C000948,background,
C000949,background,
C000950,background,
C000951,background,
C000952,background,
C000953,background,
C000954,background,
C000955,background,
C000956,background,
C000957,background,
C000958,background,
C000959,background,
C000960,background,
C000961,background,
C000962,background,
C000963,background,
C000964,background,
C000965,background,
C000966,background,
C000967,background,
C000968,background,
C000969,background,
C000970,background,
C000971,background,
C000972,background,
C000973,background,
C000974,background,
C000975,background,
C000976,background,
C000977,background,
C000978,background,
C000979,background,
C000980,background,
C000981,background,
C000982,background,
C000983,background,
C000984,background,
C000985,background,
C000986,background,
C000987,background,
C000988,background,
C000989,background,
C000990,background,
C000991,background,
C000992,background,
C000993,background,
C000994,background,
C000995,background,
C000996,background,
C000997,background,
C000998,background,
C000999,background,
C001000,background,
C001001,background,
C001002,background,
C001003,background,
C001004,background,
C001005,background,
C001006,background,
C001007,background,
C001008,background,
C001009,background,
C001010,background,
C001011,background,
C001012,background,
C001013,background,
C001014,background,
C001015,background,
C001016,background,
C001017,background,
C001018,background,
C001019,background,
C001020,background,
C001021,background,
C001022,background,
C001023,background,
C001024,background,
C001025,background,
C001026,background,
C001027,background,
C001028,background,
C001029,background,
C001030,background,
C001031,background,
C001032,background,
C001033,background,
C001034,background,
C001035,background,
C001036,background,
C001037,background,
C001038,background,
C001039,background,
C001040,background,
C001041,background,
C001042,background,
C001043,background,
C001044,background,
C001045,background,
C001046,background,
C001047,background,
C001048,background,
C001049,background,
C001050,background,
C001051,background,
C001052,background,
C001053,background,
C001054,background,
C001055,background,
C001056,background,
C001057,background,
C001058,background,
C001059,background,
C001060,background,
C001061,background,
C001062,background,
C001063,background,
C001064,background,
C001065,background,
C001066,background,
C001067,background,
C001068,background,
C001069,background,
C001070,background,
C001071,background,
C001072,background,
C001073,background,
C001074,background,
C001075,background,
C001076,background,
C001077,background,
C001078,background,
C001079,background,
C001080,background,
C001081,background,
C001082,background,
C001083,background,
C001084,background,
C001085,background,
C001086,background,
C001087,background,
C001088,background,
C001089,background,
C001090,background,
C001091,background,
C001092,background,
C001093,background,
C001094,background,
C001095,background,
C001096,background,
C001097,background,
C001098,background,
C001099,background,
C001100,background,
C001101,background,
C001102,background,
C001103,background,
C001104,background,
C001105,background,
C001106,background,
C001107,background,
C001108,background,
C001109,background,
C001110,background,
C001111,background,
C001112,background,
C001113,background,
C001114,background,
C001115,background,
C001116,background,
C001117,background,
C001118,background,
C001119,background,
C001120,background,
C001121,background,
C001122,background,
C001123,background,
C001124,background,
C001125,background,
C001126,background,
C001127,background,
C001128,background,
C001129,background,
C001130,background,
C001131,background,
C001132,background,
C001133,background,
C001134,background,
C001135,background,
C001136,background,
C001137,background,
C001138,background,
C001139,background,
C001140,background,
C001141,background,
C001142,background,
C001143,background,
C001144,background,
C001145,background,
C001146,background,
C001147,background,
C001148,background,
C001149,background,
C001150,background,
C001151,background,
C001152,background,
C001153,background,
C001154,background,
C001155,background,
C001156,background,
C001157,background,
C001158,background,
C001159,background,
C001160,background,
C001161,background,
C001162,background,
C001163,background,
C001164,background,
C001165,background,
C001166,background,
C001167,background,
C001168,background,
C001169,background,
C001170,background,
C001171,background,
C001172,background,
C001173,background,
C001174,background,
C001175,background,
C001176,background,
C001177,background,
C001178,background,
C001179,background,
C001180,background,
C001181,background,
C001182,background,
C001183,background,
C001184,background,
C001185,background,
C001186,background,
C001187,background,
C001188,background,
C001189,background,
C001190,background,
C001191,background,
C001192,background,
C001193,background,
C001194,background,
C001195,background,
C001196,background,
C001197,background,
C001198,background,
C001199,background,
C001200,background,
C001201,background,
C001202,background,
C001203,background,
C001204,background,
C001205,background,
C001206,background,
C001207,background,
C001208,background,
C001209,background,
C001210,background,
C001211,background,
C001212,background,
C001213,background,
C001214,background,
C001215,background,
C001216,background,
C001217,background,
C001218,background,
C001219,background,
C001220,background,
C001221,background,
C001222,background,
C001223,background,
C001224,background,
C001225,background,
C001226,background,
C001227,background,
C001228,background,
C001229,background,
C001230,background,
C001231,background,
C001232,background,
C001233,background,
C001234,background,
C001235,background,
C001236,background,
C001237,background,
C001238,background,
C001239,background,
C001240,background,
C001241,background,
C001242,background,
C001243,background,
C001244,background,
C001245,background,
C001246,background,
C001247,background,
C001248,background,
C001249,background,
C001250,background,
C001251,background,
C001252,background,
C001253,background,
C001254,background,
C001255,background,
C001256,background,
C001257,background,
C001258,background,
C001259,background,
C001260,background,
C001261,background,
C001262,background,
C001263,background,
C001264,background,
C001265,background,
C001266,background,
C001267,background,
C001268,background,
C001269,background,
C001270,background,
C001271,background,
C001272,background,
C001273,background,
C001274,background,
C001275,background,
C001276,background,
C001277,background,
C001278,background,
C001279,background,
C001280,background,
C001281,background,
C001282,background,
C001283,background,
C001284,background,
C001285,background,
C001286,background,
C001287,background,
C001288,background,
C001289,background,
C001290,background,
C001291,background,
C001292,background,
C001293,background,
C001294,background,
C001295,background,
C001296,background,
C001297,background,
C001298,background,
C001299,background,
C001300,background,
C001301,background,
C001302,background,
C001303,background,
C001304,background,
C001305,background,
C001306,background,
C001307,background,
C001308,background,
C001309,background,
C001310,background,
C001311,background,
C001312,background,
C001313,background,
C001314,background,
C001315,background,
C001316,background,
C001317,background,
C001318,background,
C001319,background,
C001320,background,
C001321,background,
C001322,background,
C001323,background,
C001324,background,
C001325,background,
C001326,background,
C001327,background,
C001328,background,
C001329,background,
C001330,background,
C001331,background,
C001332,background,
C001333,background,
C001334,background,
C001335,background,
C001336,background,
C001337,background,
C001338,background,
C001339,background,
C001340,background,
C001341,background,
C001342,background,
C001343,background,
C001344,background,
C001345,background,
C001346,background,
C001347,background,
C001348,background,
C001349,background,
C001350,background,
C001351,background,
C001352,background,
C001353,background,
C001354,background,
C001355,background,
C001356,background,
C001357,background,
C001358,background,
C001359,background,
C001360,background,
C001361,background,
C001362,background,
C001363,background,
C001364,background,
C001365,background,
C001366,background,
C001367,background,
C001368,background,
C001369,background,
C001370,background,
C001371,background,
C001372,background,
C001373,background,
C001374,background,
C001375,background,
C001376,background,
C001377,background,
C001378,background,
C001379,background,
C001380,background,
C001381,background,
C001382,background,
C001383,background,
C001384,background,
C001385,background,
C001386,background,
C001387,background,
C001388,background,
C001389,background,
C001390,background,
C001391,background,
C001392,background,
C001393,background,
C001394,background,
C001395,background,
C001396,background,
C001397,background,
C001398,background,
C001399,background,
C001400,background,
C001401,background,
C001402,background,
C001403,background,
C001404,background,
C001405,background,
C001406,background,
C001407,background,
C001408,background,
C001409,background,
C001410,background,
C001411,background,
C001412,background,
C001413,background,
C001414,background,
C001415,background,
C001416,background,
C001417,background,
C001418,background,
C001419,background,
C001420,background,
C001421,background,
C001422,background,
C001423,background,
C001424,background,
C001425,background,
C001426,background,
C001427,background,
C001428,background,
C001429,background,
C001430,background,
C001431,background,
C001432,background,
C001433,background,
C001434,background,
C001435,background,
C001436,background,
C001437,background,
C001438,background,
C001439,background,
C001440,background,
C001441,background,
C001442,background,
C001443,background,
C001444,background,
C001445,background,
C001446,background,
C001447,background,
C001448,background,
C001449,background,
C001450,background,
C001451,background,
C001452,background,
C001453,background,
C001454,background,
C001455,background,
C001456,background,
C001457,background,
C001458,background,
C001459,background,
C001460,background,
C001461,background,
C001462,background,
C001463,background,
C001464,background,
C001465,background,
C001466,background,
C001467,background,
C001468,background,
C001469,background,
C001470,background,
C001471,background,
C001472,background,
C001473,background,
C001474,background,
C001475,background,
C001476,background,
C001477,background,
C001478,background,
C001479,background,
C001480,background,
C001481,background,
C001482,background,
C001483,background,
C001484,background,
C001485,background,
C001486,background,
C001487,background,
C001488,background,
C001489,background,
C001490,background,
C001491,background,
C001492,background,
C001493,background,
C001494,background,
C001495,background,
C001496,background,
C001497,background,
C001498,background,
C001499,background,
C001500,background,
